static const char kernel_config_data[] __used = MAGIC_START
	"\x1f\x8b\x08\x00\x00\x00\x00\x00\x02\x03\x8c\x3c\xcb\x72\xdb\xb8"
	"\xb2\xfb\xf9\x0a\x55\xe6\x6e\x4f\x22\xd9\xb2\xe3\xd4\x2d\x2f\x40"
	"\x12\x94\x70\x44\x12\x34\x00\x4a\xb6\x37\x2c\xc5\x56\x12\xd7\x38"
	"\x76\x8e\x2c\xcf\x9c\xdc\xaf\xbf\xdd\x00\x29\x02\x20\x48\x7b\x16"
	"\x19\x13\xdd\x68\xbc\x1a\xfd\x86\xfe\xfc\xe3\xcf\x09\x79\x3d\x3c"
	"\xff\xdc\x1e\x1e\xee\xb6\x8f\x8f\xbf\x27\xdf\x77\x4f\xbb\xfd\xf6"
	"\xb0\xbb\x9f\x7c\x7b\x78\xdc\xfd\xef\x24\xe1\x93\x82\xab\x09\x4d"
	"\x98\xfa\x08\xc8\xd9\xc3\xd3\xeb\x7f\x3f\x6d\xf7\x3f\xcf\xe7\x93"
	"\xf9\xc7\xd9\xfc\xe3\xe9\xd9\xd9\xbf\x9e\x7f\x41\xa7\xc7\xed\x64"
	"\xb5\xdb\xc3\xff\x27\xf1\xf3\xd3\xb7\x87\xef\xaf\x40\xe5\xe1\xf9"
	"\xe9\x8f\x3f\xff\x88\x79\x91\xb2\x45\x4d\x44\x7e\x3e\xbf\xfc\xdd"
	"\x7e\x9e\xcf\x23\xa6\xba\x4f\x22\xe2\x65\x5d\x2e\x6f\x64\x4d\x92"
	"\x44\xd4\xca\x87\xe7\x79\x65\x23\x03\xa9\xba\x24\x0b\x5a\xcb\x25"
	"\x4b\xd5\xe5\xec\xc4\x05\xc1\x87\x6a\x40\x73\x67\x84\x3c\x27\x65"
	"\x2d\x8a\xa4\x06\xe2\xb2\xce\x59\x71\x39\xbb\x18\x43\x20\xd7\x97"
	"\x27\x03\x14\x62\x9e\x97\x44\x59\x84\x66\xef\xc0\x03\x7a\xb3\xf3"
	"\x16\x4f\x2a\x12\xaf\x94\x20\x31\x2c\xa3\x2a\x4b\x2e\xac\xf5\xb2"
	"\x2c\xa3\x0b\x92\xd5\x25\x67\x85\xa2\xa2\x5e\x93\xac\xa2\x97\xd3"
	"\xff\xde\xef\xb6\xf7\x53\xeb\xbf\x16\x3f\xe3\xf1\x2a\xa1\x65\x9f"
	"\x90\xa1\xcf\xc4\x55\x9a\x91\x85\xec\xc3\xc5\x46\xd2\xbc\xbe\x8e"
	"\x97\x0b\xd8\xf8\x9a\x64\x0b\x2e\x98\x5a\xe6\x1d\xc2\x82\x16\x54"
	"\xb0\xb8\x8e\xaa\x45\xb0\xb1\x16\x34\x23\x8a\xad\x69\x3b\x57\xd9"
	"\x47\x5b\x6e\x28\x5b\x2c\x55\x1f\x10\xcb\x2a\x30\x54\x4c\x32\x16"
	"\x09\xa2\x68\x9d\x00\xed\x9b\x0e\xe1\x96\x17\xd0\x96\x93\xae\x65"
	"\x49\x60\xe0\xb6\xdf\xa2\x2a\x3d\x8e\x02\xdc\x01\x86\x2a\x28\x4d"
	"\x34\x18\xcf\x09\x4e\x42\x51\x0f\x26\x17\x1a\x9c\xd1\x62\xa1\x96"
	"\x1d\x4c\xe6\xd6\x18\x72\xc3\xb8\xca\x22\xeb\xd8\x38\x30\x6a\xbd"
	"\xa4\x59\x49\x45\xd7\xba\xa2\xa2\xa0\x59\x9d\xf3\x84\x02\x6d\x5e"
	"\x74\x90\x94\x5d\xd7\x94\x88\xec\x06\xbe\xeb\x9c\x5a\x7b\x51\x2e"
	"\x14\x89\x32\x0a\xe3\xaf\x69\x26\x2f\x4f\x9d\x65\x35\xa7\x28\xeb"
	"\xaa\x14\x3c\xa2\xd2\xbf\x47\x82\xc7\xf5\x2a\xe6\x82\xd6\x8a\x5e"
	"\xe3\xa2\xff\x9c\x34\xf0\x2b\xc5\xea\xc5\x3a\x9f\x3c\xbc\x4c\x9e"
	"\x9e\x0f\x93\x97\xdd\xa1\xed\x99\xd0\xb4\xe5\x25\x26\xd5\xe5\x87"
	"\x4f\x8f\x0f\x5f\x3f\xfd\x7c\xbe\x7f\x7d\xdc\xbd\x7c\xfa\x9f\xaa"
	"\x20\x39\xc5\xa3\xa6\x44\xd2\x4f\x1f\xef\xf4\x1d\xff\xd0\xd1\x55"
	"\x9c\x67\x47\xee\x42\x3c\x11\x18\x02\xb8\xb0\xde\x70\xb1\xea\xa6"
	"\x1b\x55\x2c\x4b\x14\x03\xd2\x30\x4f\xbd\x5e\xe9\x72\xef\x52\x50"
	"\x92\xd4\xac\x48\x39\xfc\x53\x2b\x22\xb1\x33\x08\x95\x3f\x27\x0b"
	"\x2d\xa9\x1e\x91\xfe\xeb\xaf\x4e\xcc\xb0\x82\xa9\x9a\x16\x6b\xd8"
	"\x09\x5c\x49\x0e\x67\x7e\x7a\x94\x0e\xb1\xe0\x52\xea\x1b\xc9\x32"
	"\x7a\xf9\xc1\x9a\x7f\xd3\x06\xfb\x25\x55\x60\xe6\x70\xbd\x48\xb6"
	"\x06\xde\x66\x70\x7a\x76\x3f\x1b\x50\x93\x4a\xf1\xf0\xce\x92\x2a"
	"\x53\xf5\x92\x4b\x85\xdb\x78\xf9\xe1\xaf\xed\xe3\xc3\x87\x8e\x89"
	"\x88\xcd\x52\x37\x72\xcd\xca\xb8\xd7\x80\xff\x8f\x55\x66\x9f\x65"
	"\xc9\x25\xb0\x4f\x7e\x55\xd1\x8a\x06\x86\x35\x8b\x05\xa6\xe2\xe2"
	"\xa6\x26\x0a\x84\xcd\xd2\xee\x9d\x2e\x49\x91\x64\x4e\xc7\x23\xac"
	"\x92\x14\x6e\x60\x80\x26\xa9\x12\x47\x6a\xe3\x67\x5d\xf0\x5a\x5f"
	"\x56\xbd\xdb\x75\x9c\x27\x19\x2b\xa8\x77\x45\x35\x5f\x6a\x74\x5c"
	"\x07\xc9\x9c\x85\xd8\xed\xf6\xa0\xfa\x9c\x81\x69\x26\x2f\xaf\x5f"
	"\x5f\x7e\xbf\x1c\x76\x3f\xbb\x73\x6e\xef\x3c\xf2\x94\xbe\x04\x7d"
	"\x31\x82\x20\xb9\xe4\x9b\x61\x88\xb9\x5d\x61\x38\x4d\x53\x1a\x6b"
	"\xb9\x46\xd2\x14\xa4\x84\x5c\x85\xf1\x72\xb6\x80\xd5\x33\xfb\x56"
	"\x2f\x89\x48\x00\x04\xf7\x61\x03\x57\x41\xd2\x22\xb1\x24\x04\x74"
	"\x49\x78\x4e\x58\x11\x6a\xab\x97\x8c\x0a\xdc\xab\x9b\xfe\x60\xb9"
	"\x64\x88\x39\x08\xe8\x91\x35\x07\xdc\x52\x36\x5d\x8f\x7b\x6e\x8d"
	"\x99\x50\x10\xe3\x03\xd7\x35\xe5\x22\x06\x61\x68\xee\x21\x2b\x2c"
	"\x15\x20\x4b\x22\x24\xf5\xc9\xda\x3b\xa3\xe9\xa6\x32\xc4\x46\xc8"
	"\x0d\x31\xea\x2c\xc9\x2b\x18\xa0\x4e\x88\x22\xfd\x85\x69\xc1\xb0"
	"\xee\x18\xc6\x57\x13\x48\x00\x0e\xb0\x50\xbe\x00\x5c\x12\x09\x9d"
	"\xe3\x55\x1d\x09\x4e\x92\x98\x48\x35\xda\xdb\x41\xd3\x4c\xa7\x1e"
	"\x7e\xee\xf6\x2f\x21\xbe\xd3\x64\x41\x0d\x01\xfb\xd8\xda\x84\xd7"
	"\xcb\x5b\x14\x22\xb9\xe6\x83\xe3\x76\x40\x23\x68\x02\xc6\x13\x16"
	"\x07\xb6\xc1\xf4\x62\x70\x48\x76\x1f\xd3\x9a\x56\xee\x5d\xb0\x81"
	"\xd6\x11\x83\x5a\x45\x16\xd3\x5b\xa5\x35\xaf\x9e\x7e\x5c\x56\x9f"
	"\xd4\xf6\xe5\xaf\xc9\x01\xd6\x31\xd9\x3e\xdd\x4f\x5e\x0e\xdb\xc3"
	"\xcb\x64\x7b\x77\xf7\xfc\xfa\x74\x78\x78\xfa\xee\x2d\x08\x3a\xd4"
	"\x24\x8e\x79\x55\x28\x73\xc8\xc7\xd9\xac\x19\xc8\x73\x17\x8c\x5b"
	"\x38\xc0\x2e\xfa\xc4\x1c\x42\x2d\xb7\xc4\x4b\x60\xa3\x0d\xc9\x1c"
	"\x6d\x14\xc9\x44\x2b\x2b\x0a\x82\x0a\x7a\x85\x24\x2f\x8a\x7c\x54"
	"\xcf\xd2\xee\x87\x8d\xc6\x36\x18\xeb\x56\x5f\x23\xd0\x52\x26\xd8"
	"\xc6\x78\x70\x7e\xa5\x64\x8e\x68\x85\x2b\xd5\x8a\xed\x84\x49\xd4"
	"\x4c\x49\x4f\x32\x89\xb8\x9a\xc8\x3e\x87\x94\x82\xd2\xbc\x04\x25"
	"\x18\x5b\x26\x2b\x7c\x80\x8a\x03\x5e\xb0\xe6\x23\x1d\x0c\x05\xdd"
	"\xfc\x26\x5c\x7b\x9f\x0e\x6c\x47\x96\x75\xcc\x66\x41\x8c\xe1\x42"
	"\x17\x71\xa4\x75\xb8\x03\x4b\x49\xc1\x2b\x75\x79\x3e\xef\x37\x82"
	"\x18\x24\xa9\x65\x98\x1a\x88\x54\x47\x6e\x3b\xee\x0b\x42\x22\xce"
	"\x83\x3a\x52\x4f\x80\xc7\x11\x72\x8b\xa7\xe1\xc1\xfa\x2d\x4e\x2c"
	"\x9d\xc6\x56\xe6\x8f\x7e\x8b\x66\x07\xbb\x79\x09\x72\xc7\xb1\x29"
	"\x33\x8e\x44\xd3\xd6\xf2\xff\x6c\xeb\xf0\x42\x72\x10\x78\x69\x56"
	"\xc9\x25\xdc\x51\x50\xb8\xaa\xcc\x82\xa2\x0d\x89\x20\x53\x83\x41"
	"\xee\x12\x3b\xce\x02\x4c\xd9\x55\x2d\x49\x4a\xfd\x01\x4f\x7d\x41"
	"\x62\x58\x5b\x8b\x93\xf6\xfe\xa5\x84\x89\x89\xbc\xfb\xb1\x03\xe3"
	"\x69\x3f\x39\xbc\x3e\x6d\xbf\x82\x15\x65\xb1\x08\x05\xbe\xaa\x14"
	"\xcb\x40\x52\x65\x69\xc6\x60\x94\xd3\x13\x87\xff\xfa\x08\xb3\xf3"
	"\xa0\xaa\x0e\x60\x5e\x0c\x49\xdc\xa3\xd9\x58\x54\x60\xd9\x46\x24"
	"\x23\x45\xec\xdc\x82\x78\x21\x78\x55\x5a\x9b\xad\x7d\x2c\x7d\x5b"
	"\x6c\x7b\x16\x6c\x8a\x78\xe1\x7d\x7a\x66\x4c\xd7\x06\xc6\x98\xbe"
	"\x3e\x16\x4b\x64\xab\x66\x24\x7b\xc9\x5a\x5b\x58\xb0\x90\x45\xa3"
	"\x01\xf5\x06\x3c\x14\x1a\x91\x78\xe5\x4f\xdc\x1c\x85\x65\x5d\xc3"
	"\x31\xd4\x2e\xa4\xe3\x64\x65\x43\x82\x5b\xdb\x10\x2d\x59\x22\xc7"
	"\xe0\x02\xdc\x84\xe1\xc9\xa6\x70\xad\x6f\xed\xcd\x03\xb6\x93\xd4"
	"\xd6\x58\xda\x5a\x87\x41\x1a\x88\x3d\xc9\x86\x46\x42\xd7\x2c\xa6"
	"\xc3\x63\x40\xc7\x46\xd2\xf5\xe6\x4e\x45\x3a\xdc\x2f\x2a\xd3\xe0"
	"\x68\x61\x73\x40\xf2\x78\x75\xc4\x71\xf4\x75\x73\x03\xd0\xdf\xf0"
	"\x4c\x54\x00\xc4\x2b\xed\x17\xa2\x96\x52\x80\x11\xd2\x69\x60\x13"
	"\x83\x35\x11\xdb\x7e\x4c\x85\x5c\x6a\x7d\xa3\x05\x5c\x38\x3a\x00"
	"\xf6\x4a\x40\x53\xf8\x52\xc0\x6e\x16\x21\xc3\xa3\xa0\xca\x21\x6b"
	"\x66\x8e\x76\x7b\xcb\x8f\x0e\x40\x55\xb6\x21\xdb\x2a\x04\x18\xb9"
	"\xc6\xbb\xbf\x00\xed\xb3\x21\xc2\x51\xde\x60\xac\xa4\x12\x30\x41"
	"\x09\xc4\x60\x13\x87\x19\x0b\x3d\xe6\x9b\xc0\xec\x90\xf9\xe1\xac"
	"\xb5\x0f\x23\x6c\x9b\x11\xbf\x49\x0e\x84\x8d\xb9\x84\x1e\x48\x4b"
	"\x2a\xa9\x17\xb7\xcc\x9a\x38\x34\x44\xd0\x70\xe2\xb4\x64\xb7\xda"
	"\x67\xee\x26\x90\xd4\xd7\xb7\xe1\xa9\x21\x32\x1f\x06\xcd\x43\xdc"
	"\x14\xd7\xbc\x04\xcd\xcf\x6e\x29\xda\x8b\x9a\xe9\xb8\xc8\x41\xb8"
	"\x38\x5b\xe3\xa3\x49\xf8\x23\xc4\x66\xad\x9f\x63\xbb\x0f\x15\x4b"
	"\x66\xe7\x8e\x4f\x04\x38\xa0\x50\x63\x5a\xa2\xe9\x6d\xa2\x1c\x96"
	"\x84\xd1\x8c\xdd\x7c\xf8\x6a\xd7\xa3\x95\xc3\x91\x32\x64\x26\xe7"
	"\x18\x17\x54\xa1\xc9\x5f\x07\xbc\x12\xe7\xa4\x03\xde\x4c\x33\xb9"
	"\xe1\x9e\xc6\x6f\x3b\x5a\x6c\x6d\x90\x00\x90\xe5\x4d\x1e\x68\xa9"
	"\xbd\x01\xba\xf6\x08\xf4\x5d\x05\x9e\x17\x2c\x10\x64\x40\x60\xa8"
	"\x23\x6a\x04\x6e\xfb\x31\x52\x63\xcb\x1e\xd4\x73\xb6\xb6\xb6\xe4"
	"\x3a\xcd\x52\x7d\xa9\x2d\x30\x52\x41\xcb\xd4\x92\xb1\x30\xfe\xb5"
	"\xf7\x09\xf7\xcf\xa2\x52\x72\x1b\x5f\xb2\x45\x01\x8a\xca\xe2\x6e"
	"\xbd\x11\x76\x83\x36\xca\xed\x06\x38\xce\xba\xe7\x05\x60\xe3\xbf"
	"\xc1\xdf\x24\xd9\x86\xdc\xc8\xda\x36\x85\xe4\xd2\x09\xa5\x10\xc6"
	"\xad\x8f\x64\xcd\x60\x11\x0d\x39\x47\xa2\x20\xc5\xaa\x80\x2d\x59"
	"\x1f\xaf\x3a\x4f\xd3\x21\x07\x59\x68\x8c\x34\x09\x1d\x70\xcc\xea"
	"\xab\x8a\x89\x95\x74\x14\x62\x44\x84\x60\xb6\x2a\x80\x26\x9a\x24"
	"\xb6\xc6\xd2\xcc\x8e\xf7\xa7\x3e\xfa\x35\x9d\x50\x8b\x67\xd3\x79"
	"\xcf\x08\x6d\x82\xae\xe5\x6e\xff\xed\x79\xff\x73\xfb\x74\xb7\x9b"
	"\xd0\xbf\x77\x4f\x60\xec\x13\x30\xfb\x63\x34\xf7\xc1\x93\xb1\x4d"
	"\x8f\x30\x71\x6c\xd6\x22\x55\x82\xf7\x1a\x8e\x0a\x18\x0d\xdd\x62"
	"\xd6\xeb\x1c\x36\x90\x87\xfc\x9a\x75\x6e\x46\x68\x2d\x07\x67\x24"
	"\x99\x55\x51\x5f\xc7\xb8\xe0\xc6\x7a\xd0\x37\x8c\x17\x61\xe5\xdb"
	"\x84\x55\xc5\x6a\x80\x0c\x09\xc5\x2f\x90\xba\x3b\x19\x1e\x46\x23"
	"\x38\x09\xb1\xa0\x2d\x27\x58\xcc\x85\x30\xd4\xea\x68\x62\xd7\x02"
	"\x7c\x6c\x9e\x0f\x41\x31\x10\x00\x9a\x22\xb1\xe1\x95\x36\x90\xc1"
	"\xb2\x12\x8a\x91\xcc\x91\x69\x8a\xe6\x5a\xb3\xd6\x6b\x30\x2c\x53"
	"\x16\x7b\x61\x05\x30\x14\x52\x96\x39\x06\x9b\x96\x7b\x5a\xbf\x3a"
	"\x7b\xbc\x32\x61\xc1\xe0\xce\xfc\xbb\xca\xcb\x1a\x66\x49\x43\xa2"
	"\xa9\x8b\x27\x76\x2e\x2c\xb2\xa4\x0e\x9e\xc2\x55\x83\xcb\x8b\xfa"
	"\x32\x46\x8f\x2d\xd0\x5d\xe3\xd2\x14\xa6\xce\xf0\xf8\xab\xc2\xed"
	"\xe1\xf1\xf9\xca\x0f\x5e\x9a\x56\x41\x55\x10\xa0\x4d\x58\xbd\xe0"
	"\x25\xe7\x2b\x0f\x88\xa1\x5a\x8c\xfa\xb3\x45\xc5\xab\x40\x04\x5a"
	"\xc2\xa2\xd1\xd1\x6e\x22\x19\x81\x50\x0e\x02\x51\x54\x81\xff\xa4"
	"\x7a\x71\x64\x0c\x28\x80\xce\x52\x2c\xbd\x69\x75\x70\x1f\x01\x3a"
	"\x36\xe1\x36\x6f\x72\x82\x2e\x40\x58\x17\x89\x89\xf8\x37\x9b\x51"
	"\x13\x5b\x4a\x6a\xbc\x38\x0b\x2d\x0b\xf0\xcc\x7d\xf1\x60\xcb\x0d"
	"\x70\x3f\x25\xc6\xbc\x0a\x89\x10\x1c\x36\xd4\x6e\xae\xb9\x9e\x4a"
	"\x52\xd9\xe1\xec\x6e\x9b\x3b\x26\xf1\x97\x02\x4e\x9e\x09\xd4\x22"
	"\x93\xfb\x5d\x9b\xd3\x96\x4a\x54\xb1\xd2\xce\x83\xbf\xc2\xbc\xc4"
	"\x54\x83\x09\x9b\x0e\xc0\x12\x5e\x45\x99\xbf\xbf\x1b\xa2\xc5\x89"
	"\xbe\xf3\x68\x0b\x9a\xe0\x53\x1b\x91\x0d\xac\x40\xd2\x18\xd1\x6b"
	"\xb8\x31\x8e\xef\x32\xd4\x6e\x12\x09\x60\xa3\xa0\xc7\xc8\x5c\x53"
	"\xd3\x6a\x1e\x62\x7a\xc0\xd0\x3b\x0a\x9c\xab\x68\x0c\x86\xae\x65"
	"\xf0\x07\x40\xb6\x51\xe4\x02\xc1\x85\x2e\xc2\xe2\xb7\x8f\x0a\x07"
	"\x5c\x65\x44\x84\x4d\x32\x0f\x17\xce\x84\x3b\x92\x63\xc9\x0a\xbd"
	"\x53\x60\x0f\x38\x8b\xcd\x82\x31\x6c\xd7\x7f\x04\x1c\x60\x56\x62"
	"\xd3\x73\x11\x90\x3a\x20\x59\x5e\x3b\xf4\xc0\x95\x79\x23\x19\x2a"
	"\x6f\x8e\x07\x3a\x29\xe1\x1b\xcc\x0b\x65\x66\x5d\x96\x75\xcb\xcb"
	"\xba\x59\x25\x1a\x82\xfe\x18\xbd\x9e\x83\x07\x08\xc2\x83\x5e\x2b"
	"\x2d\x60\x56\x8e\x8c\xd5\xe0\x81\x30\x98\x87\x35\x1a\x02\x73\x84"
	"\x58\x81\xe1\x53\x94\x91\xcb\x6a\x41\x03\x17\xc5\x08\x15\x80\xa1"
	"\x9a\xf5\xaf\x68\xce\x93\x66\x83\x4a\x1a\xa3\xa2\xb0\xcc\x0c\x9e"
	"\x54\x19\x95\xc6\x47\xc9\x52\x6d\xf2\x05\x44\x95\x06\x69\xd5\x05"
	"\x46\x78\x68\x68\x27\x0f\xea\x11\x70\x61\x5d\x02\x35\xd0\xdb\x4a"
	"\x7e\x0e\x11\xb1\x51\x66\x33\x4f\xef\xb4\x13\x5e\x06\x6f\x04\x93"
	"\x04\x2c\x56\x2d\x49\x43\x77\x20\xc3\x6c\x21\xc6\x09\xc0\x49\x4b"
	"\xac\xf1\x79\x96\xa0\x19\x2a\x2b\xd8\xbe\x22\x39\xb5\x6e\xaa\x99"
	"\x4a\x03\x27\x71\xa3\x7e\xbb\x1b\x58\x62\x84\xcb\x52\x70\x69\x3a"
	"\x28\x10\xf4\xcc\xd7\x4d\x72\xd1\x66\x58\xa7\xad\x4b\x81\x20\x3a"
	"\xd7\xce\x0c\xc9\xda\x84\xa1\xd8\x5c\x07\xd7\x3d\x84\xdc\x1a\x2b"
	"\x43\xf7\x49\x2b\x29\x05\xda\x4e\x59\x9d\x2c\xd1\x38\x0c\xf2\xbb"
	"\x1b\x36\x0b\x76\x0f\x81\x04\xe6\x16\x2b\xdc\xb0\xca\x75\x65\x4a"
	"\x52\x80\xee\x85\x7b\x7b\xc4\xa0\x42\x70\x31\xb6\x00\xcc\x2d\x1e"
	"\x73\x80\x31\x5f\xff\xeb\xeb\xf6\x65\x77\x3f\xf9\xcb\xd8\xc1\xbf"
	"\xf6\xcf\xdf\x1e\x1e\x4d\x80\xdb\x92\xdf\x7c\xdd\x2c\x6b\x8c\xb2"
	"\x46\x33\x46\x16\xad\x1d\x5f\xc3\xc9\x32\x1b\x53\x63\x49\xf1\xfa"
	"\x5a\x4b\x84\x95\xa3\xef\x63\x9b\x2d\xda\x5d\x92\x68\x26\x5f\x4e"
	"\xbd\x0b\xea\xdf\x58\x93\x68\x01\xbd\x68\xdb\x26\x0d\xa8\x2a\x82"
	"\xcd\xa6\x47\x00\xd8\x68\x45\x47\xaa\x37\x7d\xa4\x88\x8f\xc9\xca"
	"\xa0\x6f\xda\xe2\xd9\xb1\xd9\xae\xcd\x8c\x19\x84\x78\x3e\xaa\x05"
	"\x01\x11\x3c\x0b\xb2\xb1\x8b\x73\x72\x32\x7f\x0f\xd6\xd9\xf9\x3b"
	"\xb0\x4e\x2f\xe6\xa3\x6b\x43\x9c\xb3\xd9\x49\x70\x21\x28\x6d\x2e"
	"\x3f\xbc\xfc\xd8\x02\xc2\x87\xde\x00\x28\x22\x84\x67\xfc\x76\x69"
	"\x09\xc1\x72\x38\x10\x90\xbd\x49\xbd\x42\xb7\x7b\x70\x12\xd2\x84"
	"\xfb\x33\x30\x64\x6d\x5b\x33\x6a\x82\xc8\x56\x3c\x48\xc6\x92\x01"
	"\xcf\x5f\x55\xd4\x0e\xe8\xb7\x91\xa2\x48\x3a\xc9\x1a\xab\xd9\xcb"
	"\xdf\xf6\x50\xb0\x54\x63\x21\x98\xba\x19\xc5\xc2\x82\x8b\x64\x14"
	"\x03\xec\x69\xae\x14\x7a\x25\x83\x68\x4d\x46\xd8\xd8\x6c\x62\x10"
	"\x6d\x13\xa9\xc1\x98\x18\x3a\x9e\xa9\xf4\x97\x8a\xfb\xcc\x4b\x92"
	"\x0d\x74\x03\x13\x04\x87\xa5\x45\x2c\x6e\x4a\xd7\x95\x0a\x82\xeb"
	"\x14\x98\xb8\x89\x2b\x6b\xf1\x51\x6e\xf7\x87\x07\xac\x62\x9a\xa8"
	"\xdf\xbf\x9c\xf8\x3d\x3a\x6f\xba\x0b\x49\xd6\x18\xe7\x72\x42\xcb"
	"\x24\xe6\xa2\xe8\x70\xc2\x22\x9c\x5d\xbf\x81\xc1\x65\xfa\x16\x8d"
	"\x1c\x94\xd4\x5b\x38\x8a\x08\xf6\x06\x4e\x4e\xe2\x30\x46\x0b\x97"
	"\x09\x97\x1d\x86\x9f\xc0\x4b\x98\x5c\xf5\xfc\xc9\x8e\x38\x2b\x60"
	"\xa9\xb2\x8a\xc6\xe7\x20\x39\x18\xb2\x4c\xd6\xd7\x17\xe7\x6f\xcc"
	"\xb6\x02\x7a\x18\x75\x7d\x63\xdc\x2c\xc9\xdf\x20\x24\x17\x6f\x6d"
	"\x0c\xa8\x52\xf1\xe6\x39\xc9\xea\xad\xb3\x5e\x11\x91\x93\xd1\x1d"
	"\xa6\x29\x0b\xef\x2f\x16\x7f\x9c\x5f\xbc\x41\xdf\xba\x5f\x83\x23"
	"\x68\xc9\xd2\x18\x38\xee\x35\xc8\xaf\x30\x5e\xd5\xb2\x3c\xe3\x3a"
	"\x6f\x85\x55\x3f\x76\xd4\x88\x71\x13\x10\x2f\x38\x2f\xed\x6a\x27"
	"\xd3\x9a\x80\x47\xed\xd6\x7c\xb4\x90\x38\xb5\xea\x15\xe0\xa3\xc9"
	"\xb9\x34\x60\x37\xfd\xd3\x64\x5b\x1b\x5a\x23\x75\x34\x86\x68\xaf"
	"\x27\xce\x6d\xa4\x57\x3b\xe6\x87\xbb\x6f\xff\x39\x86\xcf\x61\xf1"
	"\xc3\x8b\xb0\x80\xab\x9b\xc8\x0d\x10\xb7\x80\x28\xbd\x0a\x99\x14"
	"\xb2\x98\x59\x01\xe7\xa2\x11\x35\xb2\x04\x9f\x0b\x15\xb6\x2d\xe4"
	"\x5d\x4f\x87\x28\x30\xc9\xe3\x5a\xe4\x1b\x3b\x42\x8d\x31\x55\xdd"
	"\x19\x24\x0e\xdf\x14\xb6\xdf\x6a\xea\xf7\x06\x80\xfa\xd0\x07\x60"
	"\x7a\x5c\x74\x13\x74\xfd\x50\x02\x84\x74\x3d\x46\x87\x30\xd4\x6e"
	"\x46\x2c\x05\x66\xd2\x9b\xf4\x47\x1b\xfc\x3d\xe6\xba\x8c\xf8\x7c"
	"\xdc\x1e\x30\x28\x09\x3b\xf3\xb8\xbb\x6b\xaa\x41\x5d\x23\xd6\xd8"
	"\xd8\x72\xd8\xca\x85\xdb\x75\xcd\x86\xc1\x24\x2b\xd9\x80\xbb\x6c"
	"\xba\x27\xf9\xf9\xf9\x74\x18\x1e\xc5\xf9\xc9\xc5\xe9\xd9\x28\x42"
	"\xcd\x30\x43\x37\x82\x42\x05\x9c\xee\x08\x5c\xc4\xb9\x54\xd1\x30"
	"\x02\xbd\xbe\x29\xf8\xc8\x1e\x64\xe4\x06\x6c\xb6\x98\x94\x23\x0b"
	"\xcd\x16\xb3\xd5\x30\x74\xc9\xe4\xc8\x26\xe6\x34\x61\x44\xd1\xd5"
	"\x18\x86\xe4\x23\x2b\xcc\xd7\xa0\xa0\x87\x2c\xeb\xab\xd8\x8e\x8f"
	"\x9a\x53\xc9\x2f\x66\x67\xd3\x9e\xfb\x03\x87\x25\x97\x82\xad\xc6"
	"\xce\x33\x3f\x87\x9e\x23\xfc\xa0\x78\x96\x0d\x83\xaf\x62\x39\x9f"
	"\x9e\xbd\x01\x3f\x1d\x65\xa7\x9c\x2c\x4a\x36\x32\x43\xd0\x18\xc5"
	"\x8a\xaa\x51\x1a\xf3\x93\x2f\x9b\x61\x04\x41\x49\x36\x7a\x1a\xc0"
	"\x8d\xab\x78\xc9\xca\x91\x31\x28\x01\x9b\x8c\x8e\x8d\x51\x50\x49"
	"\xc6\xee\x9d\xc2\xa2\xb6\xeb\xd9\xc8\x5e\xa3\xfd\x48\x46\x28\x94"
	"\x22\x19\xe9\xbc\xac\x8a\x64\xc0\x18\xb4\x11\x4e\x86\x31\x40\xac"
	"\x96\x58\x2e\x37\x8c\xb1\xa6\xd7\xc3\xc6\xba\xc1\xa8\xb2\x98\x8c"
	"\x70\xf6\x35\x3a\x7d\xc3\xe0\xdb\x11\xff\xfc\xf6\xa6\xb8\xca\xcb"
	"\x5e\xbe\x26\x7a\xc5\xb2\xb2\x5f\xbf\x9e\xf7\x07\xcb\x9e\x8c\xad"
	"\x50\x30\x66\x8f\x4c\x65\x9e\x0c\x36\xb6\x8e\xa8\x0b\x0c\x24\x22"
	"\xa1\x99\xa2\x56\x89\x2a\x39\x90\xa4\xd2\xc1\x93\x60\x79\x34\x42"
	"\x73\xc9\x7a\x0d\x6e\xa1\xa1\x3d\xd4\x48\x4e\x07\xa1\xc8\xd5\xa0"
	"\x48\x9a\x6a\x90\x5e\xa9\xac\x83\x2b\x55\x15\x0d\x02\x19\x5f\x0f"
	"\xc2\x40\x29\x0d\xc3\x88\x64\x61\x86\x6c\xca\x84\x10\xab\x77\x5c"
	"\xc9\xee\xe5\xe1\xfb\xd3\x66\xbb\xdf\x4d\x10\x1c\x3f\xc3\x1f\xf2"
	"\x78\x7c\xce\x56\xd7\xc9\xa6\x2e\x33\xa2\x06\x67\x30\x28\x85\x75"
	"\x6f\x94\x93\xc3\xd0\x15\x13\xae\x8e\x31\x1a\x16\xa6\xf4\xe3\xf9"
	"\xe5\x30\xb9\x7b\x7e\x3a\xec\x9f\x1f\xb1\xda\xe8\x7e\xff\xf0\xb7"
	"\x9b\xf1\xd3\x27\x97\xfb\x47\x99\x37\xe7\xeb\x4e\x91\x4b\xd5\xf2"
	"\xd7\xe0\x3a\x86\x2f\xc5\x91\x44\x73\x7b\xeb\x92\xe6\xef\x43\xa4"
	"\x31\xc9\x83\xcb\xa3\x4f\xf7\xbf\x9e\x1f\x9e\xfc\xdd\x06\x3e\x4a"
	"\x74\xe2\x23\xd8\xe9\xe5\x9f\x87\xc3\xdd\x8f\xf0\xae\xb8\x9c\xb6"
	"\xc1\x1a\x7e\x15\x2f\x15\x1d\x5e\x2f\x20\xe1\xe1\x34\x98\x43\x19"
	"\xd8\x74\xb7\x3d\xbc\xee\xb5\x97\xa8\x9b\xc1\xe8\x9f\xec\xf6\xfb"
	"\xed\x61\x3b\xf9\xe7\x79\xff\xd7\x76\xff\xfc\xfa\x74\xff\x32\xf9"
	"\xfb\x61\x3b\x39\xfc\xd8\x4d\xb6\x8f\x07\xe8\xb7\x3d\xc0\xb4\x5e"
	"\x26\xdf\xf6\xdb\x9f\x3b\xc4\xf2\x9e\xcb\x60\x34\x8c\xa8\x2a\xaf"
	"\x2f\x4e\xce\x4f\x67\x5f\xfc\x17\x30\x1d\xf4\xf3\x28\x74\x3e\x3d"
	"\x1f\x86\xce\xbe\xcc\x3f\x9f\x0c\x42\x4f\x4f\xa6\x9f\xcf\x06\xa1"
	"\xf3\xb3\xcf\x7a\x5c\x4b\xf2\xb9\xf0\xd3\xf9\xec\x4b\xd0\x30\xb0"
	"\xd1\x66\xd3\x93\xf9\xe7\xd9\xc5\xd0\x28\xb3\xd9\xc5\xc5\xc5\xe7"
	"\xd3\xe1\x61\x66\x27\x17\xe7\x17\xd3\xcf\xa1\x10\x30\x59\x33\x40"
	"\x68\x11\x4f\x4e\x4e\xed\xc5\xf8\xd0\xd3\xd9\xd9\x7c\x18\xfa\x79"
	"\x7e\x76\x3e\x08\x3d\x9d\xce\x66\x16\x65\xcd\x2e\x29\xc9\x56\x5c"
	"\x58\xab\x9c\x9e\xfa\x4b\xc4\xc7\x10\x04\x3c\xa2\x02\xcc\x6c\x5a"
	"\x82\xd2\xae\x55\x16\xb1\x37\xe9\x7c\xf1\x30\xae\x92\x14\xce\x78"
	"\x7a\x44\x99\x4e\xcf\xdf\x98\x0c\x9d\x4d\xe7\x33\x7f\x36\xf3\x95"
	"\x4e\xd9\xc9\xfe\x4e\xcf\xce\x1b\xd0\x80\xba\x43\x9c\xf3\x79\x00"
	"\xc7\xc1\x58\x13\xf3\x0a\xea\x34\xc0\x32\x2d\x6c\x7e\xf1\x56\xf7"
	"\xcb\xd3\x2f\x6e\x44\x3e\x42\x07\xba\x00\x13\x36\xe4\xf7\x1a\x2f"
	"\x2d\x8f\x1d\xa7\x5a\xb7\xc9\x3c\x14\x6e\x2a\x84\x2e\xc3\xbb\xec"
	"\x92\x1a\x8d\x72\x70\x8a\x5a\x8d\xd9\x6e\x34\x59\xf3\xc0\xa2\xc1"
	"\x7b\x0b\x47\xc0\x5f\x6b\x3f\xb9\x09\x83\x82\x51\xc9\x2f\x81\x91"
	"\xa7\x56\x1d\x78\x15\xac\x2b\x5c\x72\x0c\x1f\x82\x4b\x77\xeb\xa5"
	"\xba\xda\xba\xe3\xc1\x04\x62\x8b\xb0\xe6\x59\x55\x28\x22\x42\x25"
	"\x68\x0d\x8e\x5d\x74\x60\x3a\xe9\xe8\xbc\x15\x11\xbf\x45\x46\xf4"
	"\x4a\xdd\x4f\x06\x4c\x73\x00\x9d\x4e\x07\x41\x40\x67\x1a\x5a\xe7"
	"\xed\xe5\xac\x7b\xdf\x66\xce\x6c\x29\xb0\x5a\x7d\xc8\x77\x6e\xea"
	"\x53\x80\x07\xb5\xa9\x11\xc8\x5e\x98\xbd\x33\xa7\x81\xaf\xb1\x32"
	"\x9f\x94\x0e\x51\x02\xbc\x39\xb8\x41\x70\xaf\x2a\xa4\x31\xbb\x33"
	"\x1a\xb7\x35\x00\xb5\x37\x40\x97\x15\x2a\xd3\x02\xdf\xf3\x31\xbb"
	"\xee\x67\xe3\x15\xe6\x74\xf1\x9f\x6e\x7d\x98\x0e\x04\xf9\x90\xca"
	"\x50\x6e\x5c\xe7\x0a\xcb\x3c\x31\xf5\x3b\x81\xb5\xc7\x04\xb6\xb0"
	"\x36\x71\x08\x27\xe9\x37\x3a\xeb\x6e\xc9\x39\x29\x2a\x12\x82\xf8"
	"\xc9\x49\x43\xa7\xd4\x0f\x5f\x54\x88\x12\xbd\xc6\x6b\x40\x43\xa0"
	"\x35\xfc\x93\x1f\x6b\x86\x47\x30\xfa\x83\x7a\xb1\xf3\x82\x63\xa1"
	"\xba\x72\xe6\xd7\x4c\x8d\x61\xb0\xd1\x8f\xb4\x69\x32\x4d\x0f\xf3"
	"\xde\xac\x80\x9d\x08\x87\x34\x9d\x1b\x1f\x12\x3a\x65\xc6\x54\x5d"
	"\x2a\x13\x73\x43\x71\x32\x77\x52\x8c\xb1\x1b\x8c\x0e\xbc\x20\x1a"
	"\x79\x09\x1b\xc1\x45\x74\x0b\x2b\x57\x32\x1f\x89\x7b\xe9\xfd\xcc"
	"\x31\xd9\x0f\xe4\x2e\xe7\xd3\x2f\xe7\xe1\xdb\xd3\xac\x2a\x25\x2c"
	"\xab\xdc\x9a\x56\x17\x32\x90\xf9\xe8\x67\xb4\x87\x5d\x23\x64\x58"
	"\xac\x11\x28\x75\x81\x78\x38\xa6\x99\x51\x52\x68\x96\x0d\x82\x53"
	"\xc1\x81\x84\xd7\xf9\x18\x0e\x75\x6a\x5d\xe1\x73\xc4\x35\x39\x42"
	"\x83\x99\x5c\x84\xc2\xa2\x88\xbc\xb4\x9e\x19\xdc\x96\x9c\x87\x63"
	"\x0c\xb7\x51\x15\x2a\x07\xbc\x95\x79\x2b\x90\x3a\x59\xdc\x3c\xef"
	"\x84\xc3\x29\x87\x72\x27\x6d\x3f\xfd\x3c\x35\x40\xb7\x4d\x48\xea"
	"\x07\xa4\xe0\x17\xc1\xa5\x22\x4e\x49\xbd\xa9\xf0\x07\xa9\x53\x60"
	"\x72\x03\xb3\x9a\x82\xc6\x19\x61\x61\x9b\xdc\x54\x40\x61\xc1\x7f"
	"\x5b\x03\x11\x18\x33\x15\xf8\x0e\x74\xdd\xab\x63\x31\x15\xa8\x7a"
	"\xa6\xf2\xed\x72\x8e\x92\xc6\x55\xfb\x68\x18\x07\xf4\x4b\xec\xde"
	"\x80\xeb\xbb\x9a\xf1\x4d\xcb\x99\x2b\x7c\x2d\x2d\xdc\x8a\x7a\xac"
	"\xb0\x6a\x56\xeb\xbc\x7a\xd4\x49\x53\xb3\xad\xc0\x44\xb9\xce\xe6"
	"\xde\xf2\x60\xbc\xd9\x98\x1d\x88\x80\x61\x52\xfd\xb4\xd7\x37\x99"
	"\x10\x68\xde\xfc\xea\xda\xa7\x1c\x25\xde\x17\xaf\xd4\xc8\xcd\x77"
	"\x0b\x82\xa5\x24\x61\xfd\xdc\x00\xfd\x12\x92\x70\x52\x81\x5e\x0f"
	"\xb8\x2c\xb1\x20\x72\xa9\x2b\xbb\x82\xe0\x6b\x3a\x90\x6f\x5a\x65"
	"\xf3\x7a\x51\x85\xdf\xbf\x9a\x6d\xc3\xd7\x32\xb8\x57\x5c\x80\xcb"
	"\x66\x3d\x78\xaf\x0a\x94\x31\x4d\xdd\x00\x18\xb1\x34\x9b\xba\x8f"
	"\x21\x69\x51\x47\x20\x21\xf4\xd3\x64\x9a\xb0\x1e\xf3\x60\x15\xb2"
	"\x96\xec\x19\xb9\xe1\x95\x1a\xb1\x32\xa5\x8c\x42\x57\x2c\x67\x8a"
	"\x2d\xf0\x0d\x2a\xb2\x0e\x68\x97\x76\x38\x70\xb9\x95\x53\x8f\x67"
	"\xa8\x28\xb2\x58\x60\x55\x22\x0a\x58\x62\x1b\xdc\x00\x5e\x5f\x58"
	"\xe5\xfb\xf6\x53\x6f\xd0\x4a\x79\x95\x79\x82\x3a\x2e\x67\x67\x75"
	"\x53\xd8\x1b\x82\x4b\xaa\xc0\x36\x0d\x41\x9a\xf5\x6c\x6a\xa5\x22"
	"\x31\xc5\x4a\x88\x36\x6e\x0e\x90\xbf\x2f\x3e\xce\x26\xdb\xfd\xdd"
	"\x8f\x87\xc3\xee\x0e\xdc\xca\xed\xe3\xe4\x5b\xe7\x5f\x3a\x14\xc0"
	"\x74\x20\x69\x12\xe5\xfd\x9f\x47\x28\xfa\x66\x76\x06\x8c\x6c\x52"
	"\x0c\x63\xa6\xfc\xda\x95\xba\xd6\xa4\x4e\xde\x39\xa9\x8a\xf0\xfe"
	"\xe0\x65\x4e\xf3\xc1\x6b\xd6\xe6\xd7\xb5\xfd\x51\x67\x44\x2c\xa8"
	"\xbf\xa2\x06\xa5\xcc\x6c\x0b\x49\x50\xac\x25\x54\xae\xb9\x70\x2c"
	"\x6d\xd2\x25\x18\xa1\xf6\xb6\x4a\x85\x2e\x74\xe2\xd7\x94\xa5\x98"
	"\x00\xdd\x33\x4c\xef\xf9\x17\xa6\x2b\xac\x65\xb5\xaf\x9a\xed\xb7"
	"\xdf\x34\x0d\x95\x1d\x99\x07\x6f\x66\xc6\x20\xdc\xe1\xf4\x31\xb9"
	"\xa4\xa2\x9a\xe5\x4e\x99\x17\xcb\x41\x82\xdf\x22\xc4\xc9\x2b\x41"
	"\x6b\xa2\xa2\xf7\xd2\x6d\xee\x9c\x26\x5d\x9b\xb7\xe5\xec\xe7\xf6"
	"\xfb\xee\xe3\xf7\xff\xfb\xd7\xfd\xe1\xeb\x87\xf7\x4d\xca\xbc\xc0"
	"\xb1\x5e\x95\xd8\xe8\xcd\x10\x6d\xe1\x03\x6e\x57\xf3\xe2\xa4\xd3"
	"\x33\x16\x3a\x18\x27\x0d\xe6\x71\x7a\xa1\x77\x09\xe2\x86\x03\x3f"
	"\x54\x96\x07\xec\x3f\x19\x6c\x04\xac\xaa\xc1\x5f\x12\xe6\x57\x20"
	"\xf4\xf9\x54\x2f\xbb\xfd\xcb\xaf\xed\xdd\x6e\xf2\xf5\xe1\x69\xbb"
	"\xff\x3d\xd1\x75\xef\x07\xeb\xac\x22\x30\xdf\x72\x94\x42\x69\xaf"
	"\xb4\x2b\x04\x82\x8f\xe6\x95\x83\x55\x5c\x8e\xf9\x65\xac\x81\x6d"
	"\xad\x28\x2c\x98\x6b\x9e\x22\x86\xce\xc6\x90\x95\xb1\x60\xa5\xea"
	"\x59\x95\x64\x48\xa4\x35\xdd\x72\x26\x43\x55\xf4\x38\x09\xb7\x3e"
	"\xd7\x4f\xdf\xb6\x3f\x0d\x70\x6c\x37\x01\xb0\xe7\x7f\x76\xfb\xc9"
	"\xcf\xed\x13\xf0\xc1\xcf\xdd\x53\x80\x99\x9b\xca\x37\x8b\x90\x69"
	"\xb0\x12\x78\x56\x7a\xdb\x80\xe4\x8a\x81\xb9\x76\x53\x84\x66\x5a"
	"\xe6\x47\xb4\x68\xa1\x91\x9c\x3d\x60\x11\xb0\x01\x19\x48\x4c\x63"
	"\xdf\x8c\x52\x6b\x95\x6d\x4b\xf3\x53\x1b\x9d\x96\xc8\x75\xd4\x58"
	"\xc3\xc2\x84\x36\x64\x45\xbd\x64\xa5\xdd\xda\xfc\x1c\xc4\xd4\x21"
	"\xd9\x41\x17\xe1\xa5\x79\x53\x18\x7a\x1d\x07\x20\x5e\xba\xab\x70"
	"\xca\xb9\xe1\xfb\x58\x40\x76\x0c\xee\x1f\x09\x6f\xae\xea\x92\x6f"
	"\x50\x85\x1c\x6b\x0b\x87\x6b\xf9\xfa\xa4\x02\x5b\xe8\x63\xf0\xd4"
	"\x79\x82\x68\x16\xe6\xe6\x08\x8f\xc7\x84\x2f\x94\x24\x0b\xf8\xbf"
	"\xcd\x21\x5b\xe0\xf6\xb9\x79\xc3\x75\xf9\x91\xeb\xda\x30\x28\xc2"
	"\xd8\xfd\xe3\xce\x12\xa5\x30\x7a\xf3\xe6\xdd\x6b\x31\x6f\xb1\x4a"
	"\xfc\xcd\x02\xc1\xd6\xde\xbb\x91\x23\xd2\x82\xaf\x41\x3f\x24\x5e"
	"\xf6\x28\x84\x05\xe6\x98\x65\xb1\x81\x28\xd1\x10\xfd\x63\x2f\xd2"
	"\x52\xb6\xc7\x39\x4e\x12\x3f\x76\x0e\x50\x24\xe9\x3f\xd1\x37\x51"
	"\x1b\x4a\x13\xd9\x0d\x08\xd6\x5a\x19\x7a\x25\x8e\xc4\xd3\xfd\xee"
	"\x3f\xaf\xbb\xa7\xbb\xdf\x93\x97\xbb\xed\xa3\xf3\xfc\x1e\xfb\xc3"
	"\xb5\xbb\x72\x77\x03\x5b\xf4\x12\x88\x52\xa2\x36\xaf\x42\x43\x60"
	"\xff\x11\xf8\x11\x88\x8b\x0c\x34\xa3\x65\x29\x03\xed\xad\x98\x43"
	"\x9a\x43\xcf\xf7\x82\xb8\xc8\xb4\x12\x84\x5c\xd8\x12\x0d\x75\xc1"
	"\xd7\x07\xfa\xb5\xe7\xfb\xbb\x70\x50\x57\x30\x9f\xe4\xfd\x3d\xf0"
	"\x29\x38\x15\x6b\xed\x42\xbc\xbf\x97\x0e\x32\xe1\x5b\xea\xf7\x77"
	"\xd1\xbf\x78\x44\x62\x7f\x9c\xd0\x59\xb9\xfb\x1a\xc4\x68\x77\x73"
	"\x00\x7e\xdc\xba\x01\x78\xbb\x4f\x83\xcc\xd2\x6d\x8a\x7f\xb2\x43"
	"\x8f\xfa\x1d\x02\xc7\xfd\x09\xf2\xc5\xc8\x76\x1c\x2f\xc2\x37\xff"
	"\x22\x84\x12\x33\x80\x68\xf6\x59\x0d\x9d\x83\x01\x57\x79\x7e\x33"
	"\x64\xc5\xea\xa8\x70\xc6\x30\x0b\xde\x76\x18\x44\x5d\x31\xb1\xda"
	"\x70\x9e\x8c\x22\x1e\x97\x99\xcb\xb0\xfb\x7c\xc5\x05\xbb\x0a\x91"
	"\xe8\x9e\x1e\xf7\xcc\x11\x68\x03\xab\x72\x85\xf5\x15\xb2\x89\xbc"
	"\x5b\x0f\x95\xc1\xf5\x13\xce\xab\x29\x6c\xa4\x6d\x9b\xde\xb1\x62"
	"\x77\xc0\xb4\x11\x6e\x64\x4f\xcb\x03\xa3\xac\xdc\xe7\xe4\xa6\xa5"
	"\x4e\x18\x09\x69\x30\x2c\xac\x73\x8a\x96\xae\xe1\xc0\x1d\xf5\xa7"
	"\xdb\xfc\xde\x5d\x0c\x28\x0b\x99\x46\xd7\xa9\xb0\x34\x0d\x7e\xe9"
	"\x1f\x19\xf3\x9a\x9a\xf7\xb7\x76\x93\x66\xa5\xd4\x61\x76\xdd\x2e"
	"\xab\x08\xdf\x69\xb1\xf8\xc6\x03\x98\x30\x5a\x0f\x1d\x04\x21\x38"
	"\x81\xe0\xf0\xf8\xf4\xcb\xc6\x39\xb7\x36\x77\x45\x6f\x9c\x5f\x62"
	"\x31\x4d\x2d\xe5\xd0\x6f\x9e\x38\xa7\x0a\x16\x92\xd6\x60\xee\x0f"
	"\xce\x40\x6b\x5b\x25\x5a\x83\xa5\xab\xbc\x42\x32\x7c\x8a\x14\x61"
	"\xd9\x08\x1d\x8c\x9e\xb4\x74\x51\x33\x6a\x4f\x47\x7a\x14\x34\xd9"
	"\x06\x87\xa8\x65\x98\x84\x41\x02\xb5\x1a\x71\xdb\x27\x02\x48\x59"
	"\x94\xfe\x77\x9d\x2c\xe3\xd2\x1b\x05\x9b\x31\x42\x1a\x8e\x2b\x34"
	"\x08\x82\x88\x30\x5c\x73\x74\xc9\xca\x81\x57\xf9\xac\x5c\xa0\xcd"
	"\x0d\x8e\xf2\xb5\x77\x0b\x4a\x7c\x86\x5f\xd0\xcc\x3f\x19\xdd\xe3"
	"\xff\x29\xbb\xb6\xde\x46\x6e\x25\xfd\x57\x84\x3c\x9d\x00\x67\xb1"
	"\x96\x64\x6b\xac\x03\xe4\x81\x62\xb3\xd5\x8c\xfb\xe6\x66\xeb\xe2"
	"\xbc\x34\x9c\x19\x25\x31\x76\x2e\x81\xed\x39\xc9\xd9\x5f\xbf\x2c"
	"\xf6\x8d\x64\x57\xb1\xb5\x01\x92\x58\x55\xd5\xbc\xb3\x48\x16\x8b"
	"\x5f\x51\x45\xc9\x4c\x6d\xd1\x67\xdb\xb9\x9e\x7d\xc5\x83\x9c\xcc"
	"\xb6\xf2\x58\x4b\x97\x74\x88\xa8\xbc\xe3\xe2\x40\x56\x52\xf3\xc6"
	"\x42\x2b\x62\xd0\x34\x2c\xb1\xdf\xf7\xc3\xc4\x56\x6e\x7b\x77\x34"
	"\x78\x82\x0c\x1e\xfe\x54\x3a\xfe\x30\x36\xc4\xd6\xb6\x08\xcf\xde"
	"\x0f\xd5\xae\xe9\xcc\x35\x1b\x47\xc4\xcc\x81\xa1\x72\xce\xc7\x18"
	"\xb1\x9d\x61\x00\x60\xd7\x9a\x7a\x5d\xb0\x42\x4f\x22\x9c\xc0\x4e"
	"\x08\xff\x5b\xd0\x29\x7e\x29\x78\x89\x91\xa1\x4b\x3a\xb2\xdb\x54"
	"\x15\x3b\x51\x8a\x6d\xc8\x42\x0f\x2f\x78\x06\x67\x29\x0e\xc8\x45"
	"\xff\xb9\xb7\xfd\xb8\x7d\xd6\xce\x76\xb5\x19\xa8\xfc\x80\xd3\x4f"
	"\x3a\x0b\x58\x4c\x7e\xfa\x32\x61\x25\xfa\x2f\x4d\x1e\x15\xe6\xc0"
	"\x50\xfa\x4f\x5c\xa7\x0e\x22\x4f\xbb\x94\x85\x45\x8e\x62\x4f\x78"
	"\x74\x0d\x22\xf9\x31\xcc\x07\x17\x22\x18\x3a\x61\xa9\xb4\x9c\x2b"
	"\x48\x5e\x84\x25\x9e\x04\x4b\xc2\x12\x32\xd5\x0b\x63\x21\x67\xea"
	"\x13\xf1\xd9\x86\xe3\xd1\x3e\x2c\xb0\xdb\x55\x81\xdb\x93\xb6\x93"
	"\x27\xbe\xc6\xa6\xf7\x89\x47\xf2\xad\x44\xe5\x35\x82\xc7\xee\xb3"
	"\xff\xe9\x87\x5f\x5f\x3e\xfe\xe0\x16\x2b\x8b\xee\x94\x44\x07\x72"
	"\x79\xdc\xd8\x8a\xfa\xb8\xe9\x16\x14\x30\xab\xc6\x18\xc7\xdc\x64"
	"\x79\x8c\x16\x84\x03\x96\xc4\x26\x62\x91\x3b\xbf\x36\x13\xbd\xb4"
	"\xc1\x14\xd3\xe6\x0a\xcd\xb4\x99\xaa\x26\xc8\x3d\x93\xe5\xc6\x5d"
	"\x57\x34\x51\xa6\x8c\x4c\x85\x54\x54\x1b\x82\x3a\xab\xaa\x36\x33"
	"\xba\x6a\x33\x55\x56\x5e\xed\x47\xbe\x69\xe5\x0e\xd6\x84\x32\x71"
	"\x98\x2a\x3a\x8b\x8b\xa1\x28\x59\x4f\x1a\x42\xd3\x9a\x4d\x15\x51"
	"\x89\xe4\x91\x54\xdc\x5c\x4c\xd6\x4f\xa5\xf0\xd2\x9b\xae\x54\x86"
	"\x4c\x2f\x92\x9a\x49\xad\x63\x3d\xb3\x4b\x94\x2a\xcf\x74\x57\xe2"
	"\x54\xe6\xb0\x83\x57\x4e\x6a\x52\xa4\xe9\xe2\xec\xb5\x82\xd8\x6f"
	"\x9a\xf4\x34\xcd\x1b\x11\x4b\x32\xc6\xf1\x2d\x85\xf7\x7c\x5d\x53"
	"\xc0\xd8\x08\xb7\x32\x19\xab\x1e\xfc\x15\xbd\xac\x4b\x78\x8c\xac"
	"\x94\x8c\x9f\xa8\xa5\xdd\x7c\x5f\x26\x4f\xed\x31\xba\x66\x59\x89"
	"\x5f\x92\x69\x51\xff\x79\xf9\x40\x42\x56\x9a\x5d\x25\x23\x30\xc2"
	"\x0e\x5f\x7d\xe9\x0e\x4c\xe0\x6c\xa8\x77\xf8\xbf\xbd\x80\xaf\x18"
	"\x85\xab\x3c\xa6\x8c\x9d\x17\x3a\x56\x77\xd0\xf0\x2a\xed\x32\x29"
	"\x28\xbd\xa9\xa0\x79\x19\x10\xc8\x06\x20\xd3\x2c\x36\xa0\xc8\xe4"
	"\xb9\xb9\x54\x74\x0a\x10\x1b\x68\x35\xfd\x4d\x24\x8e\x58\xbe\xd6"
	"\x77\x4d\xd7\x65\x18\x0b\xeb\x50\x9b\x0f\x37\x56\xf8\x3a\xe2\x88"
	"\xc1\xa5\x21\x7a\x09\xec\x48\xf9\x0e\x1a\x0e\x13\x86\x05\x60\xec"
	"\xd1\x5c\x33\x68\x5c\x7e\x6d\x9e\xaf\x17\x7a\x2d\xe3\x04\x67\x6f"
	"\xfb\x73\xd8\x0c\xc5\x6b\xe2\x13\xbd\x4d\xd2\x87\x5f\x41\x94\x84"
	"\x81\x91\x80\x11\xcc\xd8\x4f\x73\xe0\x24\xeb\xd5\x9a\x60\xc9\x8a"
	"\x13\x1c\x04\x81\xd3\xe1\xeb\xee\xdf\xc9\x42\x79\xe0\x5e\x6e\x07"
	"\xe7\x59\x39\xd7\x2f\x65\x49\x16\x5b\x31\xd7\x4f\xca\x65\xca\xd9"
	"\xa4\xeb\x78\xda\xca\xd8\x7c\xb2\x19\xfd\x50\x20\xd2\x1e\xe5\x7c"
	"\xa8\xe8\xe9\x5c\xda\xa7\x07\x80\x55\x73\x4a\x90\xb3\xc9\x6f\x63"
	"\x8e\xb4\xb5\x4a\x47\x26\x06\xd7\xc8\xc2\x86\xca\xc8\x9d\x0c\x31"
	"\x60\x21\xe3\x07\xc8\x31\x22\xda\x0e\x0c\xbb\x91\x80\x4a\xb6\x3a"
	"\x30\x6b\x2c\x1d\xb8\x36\xae\x84\x8b\x71\xa7\x59\xed\xba\x13\x54"
	"\x5a\xe7\x61\x6d\x32\x4a\xf5\xfc\x6e\xb0\x18\x17\x1f\xbf\x7d\xf9"
	"\xf5\xe5\xeb\xe5\xd3\xa2\x83\xb8\xc6\x14\xea\xb9\xf6\xf5\x8e\xcd"
	"\x82\x11\xd2\xb1\x9d\x94\xdf\x9f\x5f\x7f\xbf\xbc\x3b\x16\x2d\xe7"
	"\xbb\x1a\xee\x36\xeb\x16\xf4\x98\x5a\x69\x26\xd2\x06\x48\x4f\x1d"
	"\xb2\x99\xaa\x0e\xe2\xdd\x4a\x46\x14\xbd\x97\x1a\x6b\x30\x23\x35"
	"\xea\xd8\x90\x60\x1d\xe6\x47\xca\x35\x29\x60\x32\x49\x7a\x75\x93"
	"\x24\x50\xa2\x2b\xdb\x03\x2c\xf4\x06\x67\x2c\x5c\x42\x03\xdc\x6c"
	"\x89\x06\xf3\x4f\x89\x97\xd1\xa8\x6c\xb1\xbf\xb2\xa4\x81\x66\x76"
	"\x67\x3d\xf2\x6d\x0e\xa0\x75\xe5\x8c\x4c\xec\x2e\xce\xa8\x48\xbf"
	"\xc0\x07\xeb\x94\x17\x46\x3f\x5e\xdd\x06\x60\x42\xc3\xbd\x4b\x50"
	"\xe9\x71\xc2\x07\xa4\x6a\x21\x66\x04\xb4\x1a\x3b\xcf\x4c\x03\x0f"
	"\x3c\x10\x13\xb9\x6a\xfc\xeb\xb3\x5b\xa6\xd4\x5c\xb3\x69\x29\x7d"
	"\x5e\x00\xb0\x8c\xe9\xe3\xa0\x5e\x85\x7c\x79\x7e\xff\xf8\xc7\x85"
	"\x56\x21\x19\xab\xe1\xb1\x5b\x14\x55\x70\x0e\x98\x6b\xd1\x56\xda"
	"\x03\xfb\x44\x24\xa6\xb8\xab\x41\xe9\xf4\xa0\x6a\xf4\x0e\x0e\x13"
	"\x2e\xb2\xcc\xf1\x06\x45\x65\xf2\x7c\xf7\x54\x0b\x35\x57\x4c\x2d"
	"\x47\xe1\x97\x51\xe2\xe6\xe2\x77\x2e\xf3\x40\x0f\x8f\x42\xd3\x6d"
	"\x2c\x22\x57\x1e\xae\x6d\x45\x58\x98\xaf\x96\x15\x47\x0a\x19\x17"
	"\x93\x56\xbc\x0c\xd6\x46\xf0\x3c\xcc\x57\xe1\xef\x01\x28\x63\xbe"
	"\x61\xe9\x0d\xce\x28\x92\xce\xb4\x67\x6b\x48\xb8\xae\xda\xb2\xd4"
	"\x87\xfe\xbd\x98\x49\x31\x5d\xd5\x57\xa6\xe7\xc7\xff\xc0\x44\x66"
	"\x1b\x41\x9f\x51\x67\xf8\x33\x23\xaf\x3d\x68\xb7\x96\x8c\x50\xbd"
	"\xf2\xd8\x3f\xc4\x85\xa4\x0b\x15\x5f\xd7\x08\xde\xd3\x71\x44\x62"
	"\xb8\x91\x09\xe5\x07\x5e\xcd\xc4\x59\x0f\x11\x7e\xa8\x5d\x23\x07"
	"\x22\xf3\x78\x28\x6c\x1c\x62\x4a\x62\x75\x85\x48\x77\x66\x0d\x15"
	"\x1f\x59\xc0\x82\xe2\x82\xa5\xd9\xf5\xc2\x5c\xe4\x57\x27\x0d\xbb"
	"\xf2\xeb\x5a\x11\x40\x9b\x45\x78\x70\x4e\x82\xdf\xa0\x12\xc6\x60"
	"\x38\x23\x55\x39\x78\x67\x88\xc8\xb0\x42\x06\x44\x64\x16\x2e\xcc"
	"\xc1\x45\x4a\x07\xaf\x24\xe2\xb9\xb5\x66\x1d\xd5\x34\x9e\x48\xf9"
	"\xaf\x2b\x8c\x2a\x31\x58\x6a\x2b\x66\x2c\x4d\xb7\xd4\xa1\xd7\x67"
	"\xb5\x8d\x3d\xa5\x47\x00\x79\xd1\x12\x7d\xeb\x07\x79\x5b\xd6\xb2"
	"\xe1\x2b\xfc\xa4\x54\x89\x9f\xe1\xd5\xc6\x24\x2f\x73\xe8\xc2\x88"
	"\x19\x53\x7a\x5b\x57\xb1\x48\xe0\x7c\xdc\xd6\x60\x38\x25\x72\x20"
	"\x73\x8d\x01\xba\xa9\x35\x5d\x96\x53\x3b\x20\xd0\xbb\xed\x4a\x82"
	"\xd3\x9d\x75\xc8\x66\x54\xa5\x6f\x45\xb3\xb9\xb5\x0d\x12\xdd\x32"
	"\x70\xf1\x61\x43\xf9\xb3\x77\x7e\x74\xd8\xea\x29\x37\x5b\x45\xfc"
	"\xee\xd4\x3f\x73\x3b\x9f\x8e\x2d\x4b\xa6\xae\x3f\x06\x65\xd6\xb9"
	"\x9d\x92\x79\x10\xfb\x78\xaf\x1e\xfe\xc6\xb8\x6f\x95\x7c\x9f\xd2"
	"\x25\xe8\xb6\x6b\x92\xbc\xbc\x1d\x45\x75\x87\xcc\x0b\xe9\xe6\x27"
	"\xab\x51\xb1\x93\x5f\x3a\xbd\x81\x3e\x00\xda\x94\x4f\xd7\xe3\x1f"
	"\x1f\x33\x8c\xea\x7d\xcd\x18\xeb\xda\xcd\xe8\x7f\x6f\xfe\xbf\x73"
	"\x7a\x43\xcf\xe9\x0d\x31\xa7\x37\xd8\x9c\x76\x89\xe3\xa4\xdc\x20"
	"\x73\x1d\xc8\xb4\xd9\x03\xf9\x68\x3a\x6d\x37\x68\x9b\x6f\xbc\xc9"
	"\x67\xf5\xd8\xc6\x9e\x7f\x44\xaf\x5a\x32\xe2\x20\x37\xb7\xf3\x62"
	"\xd0\x8a\xf3\x52\x70\xcc\x99\x97\x4a\xd2\x79\x19\xa8\x79\xeb\x7d"
	"\x3b\x2f\x9b\x25\x74\x1b\x4d\xf4\x0a\x9e\x44\x55\x87\xb2\x41\x2d"
	"\x15\xae\xc8\x74\xe4\x6e\x66\x34\xd1\xe6\x5a\x55\xb4\x71\xe6\xba"
	"\x4b\x6e\xe7\x9d\x9f\x6a\x3f\xf5\x42\x75\xca\xd1\x07\x46\xfd\xc5"
	"\x44\xdc\x88\x9d\x3f\x4b\x3b\x9e\x66\x80\x89\xf7\x50\x3b\x9a\xc7"
	"\x62\xd6\x5d\x63\xe0\x0e\xd0\xb6\x5c\x4e\x40\x27\x58\x42\xf7\x37"
	"\xab\x66\x3d\x27\xc4\xb2\x82\x02\xa3\xb3\x84\x88\x75\xd7\x12\x91"
	"\x57\x48\x6c\xe6\x44\xcc\xd9\x60\x4e\xc8\x37\x64\x61\x32\xdd\x76"
	"\x78\x4e\x4c\xd5\xb3\xa5\x3e\xa6\x04\xe2\x89\xdb\x3c\x95\x28\xd3"
	"\xa7\x39\xb9\xe8\x8a\x4e\x83\xda\x35\xb3\x52\xfd\xb2\x36\x5b\xc1"
	"\x2b\x72\xf4\xac\x6d\x98\x88\x31\x83\x51\xab\x9c\x7f\x28\xb7\xb6"
	"\x9a\xad\x39\xdc\x7a\x4a\x5e\x6b\xf1\xdd\xbe\x29\x76\x3f\xf3\xbc"
	"\x46\x1f\xa0\xd7\xe3\x2b\x82\xd6\xf1\xc8\xdc\x59\xc2\x2d\xff\x34"
	"\x25\x44\x8e\x84\xcf\x24\xbf\xc8\xf1\xe7\x6c\x46\x7e\xae\x04\xa1"
	"\x9c\x6d\x77\x9a\x36\x73\xcf\x11\xa7\x22\x02\xe5\xe8\xa3\x2b\x81"
	"\x9f\x55\x63\x06\x6d\x38\x9c\x3b\x38\xd1\xab\xba\x0c\x3c\xd2\x34"
	"\xec\xa3\xb5\x19\x35\x04\x3b\x26\x8a\x21\x08\x27\x8a\xa7\xbd\xa3"
	"\x6d\x87\xc5\x44\xb5\xc9\x7d\xa6\x3b\x1c\x50\xe5\xa6\x30\xce\xc6"
	"\xa3\x48\x31\xff\x12\x59\x93\xd0\x7a\xc2\x94\x03\xe5\xb5\xc4\x1c"
	"\x43\xd3\xd4\xb9\x22\xd1\x3f\x57\xc4\xc0\x3c\x53\x10\x8f\x29\xae"
	"\x3e\xce\x2b\x1c\xeb\x2a\x65\x25\x81\xaf\x93\xe8\xa1\x83\x4f\xaf"
	"\x4d\x5a\x9c\x4a\x42\x71\x48\x21\x04\xd4\xee\xee\x96\x70\xee\xeb"
	"\xd1\xfe\xcc\x76\xed\xf1\xfb\xe5\xfb\xe5\xe5\xeb\xef\xff\xdd\x01"
	"\x0d\x3a\xee\xf0\x9d\x74\x93\xd4\x3b\xd7\x17\xcf\x10\x63\xc5\xa7"
	"\x54\x40\xa2\x9b\x52\x8d\xc5\xe4\x71\x4a\xaf\x9c\x3b\xb2\x8e\xa8"
	"\xe2\x1d\x46\x44\x3e\xaf\xc5\x63\x8a\x50\x77\xf1\x94\xb8\x47\xb3"
	"\xd2\xff\xb7\x9f\xa4\xf7\xe4\xa8\xaa\x90\x3a\x3c\xe2\x75\xe3\x49"
	"\xf1\x20\xa6\xe4\x47\x17\x17\x71\x90\x86\x17\x75\xa4\xb7\x22\x48"
	"\xc4\x8f\x57\x09\x05\xd9\x49\x12\x07\xf9\x1e\x68\x9a\xc7\x1d\x5d"
	"\x17\xa6\x1f\xa6\xc4\xd3\xed\xa1\xe9\xa6\x0f\x65\x5a\xc3\xf9\xe7"
	"\xe7\xb7\xb7\x97\xdf\x5e\x3e\x4e\x1d\x26\xf4\x69\x68\x92\x97\x26"
	"\xc1\x6b\x41\xc2\xad\xab\x97\x30\x5b\x1d\x6a\x98\x83\x40\x7c\x72"
	"\x3b\x06\x68\x9e\xc9\xa2\x23\x91\xc1\xb9\x3a\xf6\xc4\x28\xd8\xa6"
	"\x9f\x16\x27\xac\xe8\x3c\x60\x1a\x6e\xeb\x36\xb1\xff\x0f\xe9\x11"
	"\xbb\xb3\x5e\xc4\x6c\x8a\x71\xb8\x68\xe3\xa4\x6a\xf8\x9e\x97\xfa"
	"\x60\x38\xe2\x0f\x56\xfc\x5d\x8b\xc5\x7d\xdf\xeb\x8e\x6e\xae\x00"
	"\x50\x4e\xdb\x8a\x53\x7a\x26\x3c\x1b\x60\xcf\xe8\x62\x1f\x7b\xb5"
	"\x61\xdc\x37\xa2\x02\xa9\x35\x60\x0a\xb2\x1d\x40\x04\x10\xe1\x83"
	"\x02\x99\xac\x2a\xfa\x52\xd0\x88\x28\x96\x95\x69\x38\x1b\x7d\x90"
	"\x0b\xf2\xa9\x0d\xd0\x50\x13\x11\xb8\x58\x6e\x0b\x21\xb3\x32\x2c"
	"\xf0\xb0\x9b\x4d\x84\x7b\xb7\xd1\x13\x01\x72\x9f\xd9\x0b\xe8\x11"
	"\x19\xce\xa1\xbb\x93\x99\x2b\x6a\x56\x84\xdb\x5c\xc6\xe1\x06\x6f"
	"\xfd\xcc\xc0\xd3\x3f\x38\x0d\x64\x1e\x05\x34\x58\x2c\x63\xe7\xc9"
	"\x73\xc4\xf1\x25\x36\xca\x01\x97\x40\x15\x10\x34\x1a\xdf\xa4\xea"
	"\x4d\x11\x33\xc0\xd2\xf8\x33\xfd\x52\xe4\xc7\x29\x12\xd9\xb8\xd5"
	"\x68\x0d\x16\x8a\xaa\x8a\xf1\x29\x21\xdf\x70\xe8\xc1\x49\x7e\xd9"
	"\xe4\x44\x18\x86\x44\xd1\xfa\xa3\x2d\xa9\x67\xf4\x77\x24\xd2\x35"
	"\xd8\x38\xc0\xc4\x8b\x5f\x0d\x3c\x56\xb5\xb5\x34\xc2\x2f\xe3\x00"
	"\xd9\xc8\xe8\xa7\xa5\x43\x55\x59\xe4\xc9\x65\x89\x03\x70\x67\x68"
	"\x07\xb5\x23\x32\x99\x74\xa1\x21\xea\x6d\x23\x3c\x62\xa6\xe7\x42"
	"\xce\x09\x54\xbf\x2a\x33\x5b\x42\xbd\x3d\x0b\xb0\xf1\xe2\x54\x76"
	"\x0c\xce\x2a\x36\xc1\x71\x6d\x5f\xc6\x73\xa9\x90\xc0\x8d\xc6\x8d"
	"\x51\x6f\x18\x42\xc1\x2a\xf3\xc1\x39\x84\x1a\xcc\x15\x44\x44\x55"
	"\x4f\x8d\x1b\xb6\x6d\xf7\x38\x0d\xbd\xe6\xc7\x4e\x53\x75\x25\x58"
	"\x86\xc0\xbc\xdb\x8f\x23\x00\xb6\xc3\xbb\x30\x33\x23\xf6\xd8\xe4"
	"\x69\x66\x87\x60\xee\x9e\x36\x2d\xde\x2f\x6f\xef\x5e\x3c\x07\x53"
	"\xd1\x87\x7a\x2f\x68\xfd\x12\x41\x5c\x98\xac\xc8\x65\x5d\xe0\x83"
	"\x33\x61\x59\xc5\x22\xaa\xb1\x50\x2c\xb1\x9d\x8d\xc2\x03\x66\x0f"
	"\x11\x39\x36\x24\x38\xc5\xc6\x70\xd3\x8d\xcf\x6b\xfd\x45\x2e\x4a"
	"\x8a\x97\xc8\xa8\x44\xf3\xd4\xd3\xcb\xc9\xd6\xb5\xf1\x1a\x02\x71"
	"\xec\x82\xd3\xb2\x48\x63\x22\xa4\x3d\x9c\xde\xdb\x33\xd5\x80\x7c"
	"\xf0\xf9\xfb\xe5\xfd\xdb\xb7\xf7\x3f\x16\x9f\x2e\xff\x7e\xf9\x78"
	"\x99\x42\x49\x82\xcd\x23\xaf\xed\x91\x08\xb5\xe2\x99\xf3\xbb\xaa"
	"\x5d\x7e\xc2\xe5\xae\xd6\xe3\x1c\x25\x4e\xbe\x1e\x18\x95\x1b\x49"
	"\xb4\x67\x29\xaf\xcf\x1c\xf6\x81\x55\xb5\x9f\x1a\xd0\x9a\xe4\x76"
	"\x9a\x96\x61\xec\xb8\xa2\xbb\xa4\x93\x61\x75\xb2\x7e\x98\x13\x32"
	"\xed\x32\x27\xf4\xc8\xd9\x6c\x66\xfb\xcd\xf9\x3c\x27\x94\x55\xc7"
	"\x94\x6c\x04\xc0\xb4\xbe\x59\x9f\x27\xad\x5a\xb2\xe5\xcd\x94\x1a"
	"\x23\x3d\x73\x4c\xb8\xf4\xda\xcb\xcf\xd1\xe6\x4d\xda\x67\x88\x1b"
	"\x90\x01\xdb\xbc\x6a\xb5\xb3\x88\xe1\x81\xbf\xcc\x10\x52\x73\xe2"
	"\xf9\x7a\xbb\x75\xa1\xa1\x63\xad\x92\x2a\xca\x80\x10\x37\x0f\x1c"
	"\x9f\x6f\x73\xda\x08\x5e\xdd\x55\x6e\x28\x96\x93\xac\x44\xea\x78"
	"\x50\xf7\x94\xc6\xd9\x4a\x9e\x84\x71\xff\xb3\xaf\xca\x0c\xc9\x8d"
	"\x5d\x6d\x48\xaa\x7c\x9a\x08\xc9\xa3\x8d\x89\xbf\x87\x93\xb3\x85"
	"\xc5\x98\xa7\x86\xd0\xc0\xb4\x85\x27\x06\x8e\xa2\xef\xa4\x61\xa9"
	"\x14\xa9\xde\x0a\x54\xcd\x89\x55\xb9\x3e\x3d\xa1\xe8\x55\xbd\x34"
	"\x17\x10\xb9\xae\x8b\x27\xd8\x14\xb9\x1d\x20\x6f\x10\xaa\x84\xfe"
	"\x21\xd2\x14\x22\x8a\x69\x6d\xe4\x45\x14\x74\xc4\x20\xa8\xd4\x19"
	"\x10\xd6\x64\x15\xca\xb6\xb7\x4d\x95\x8a\xa8\x03\x09\xbb\xd5\x8b"
	"\x98\x37\xa0\x10\xe3\x48\xe7\x1a\xed\x90\x42\xf3\x2a\x62\x3d\xae"
	"\x14\xc2\x3e\xb5\xdd\x36\x1a\x3e\xe4\xce\x30\xb0\xc1\xca\xb8\xd7"
	"\x11\x3d\xa5\x8d\x3a\xc4\x11\x46\xc5\x01\x58\x0d\x06\x5a\x1a\xe6"
	"\x36\x49\x3d\x23\x70\xa4\x24\x06\x18\xb7\x60\x46\x3d\x1e\xe1\x0f"
	"\x5f\x5e\xbe\xbe\xbd\xbf\x5e\x3e\x37\x7f\xbc\xff\x30\x11\xcc\x84"
	"\x4a\x90\xef\x61\x01\x71\xf0\xde\x7a\x06\xd2\x43\x53\xa1\xee\xed"
	"\xb2\xf1\xa2\xa3\xc0\xaa\xdc\x14\x0d\x2e\x43\xa0\x0b\xe0\xd8\x68"
	"\xbc\x8b\x0c\xe0\x94\x01\x2b\xb4\x30\x3b\x4e\x52\x53\xb1\x3d\x53"
	"\x0c\x30\x60\xf6\xb6\x09\x7e\x3b\x38\x17\x1d\xc9\xaf\x6f\x47\x96"
	"\x79\x49\xe0\xb4\x74\x02\x80\xd1\x49\x6e\x38\xb6\x04\x8e\x1d\x93"
	"\xf8\x21\x87\x8b\x12\x3c\x87\x76\xc4\xed\x3f\xf6\xa6\x25\x35\x77"
	"\x31\xd6\x40\xec\x08\x4d\x99\xdf\xdd\xad\xa7\x64\x88\x47\x09\x70"
	"\xdd\x00\x71\xe2\xc6\x5a\xef\x25\xfa\xee\x30\x3d\x48\x95\xa4\xe1"
	"\xe7\x68\xb5\x22\x16\x25\xe0\xe7\x84\x65\xa8\x66\x7b\x92\xa7\x3f"
	"\xd3\xdd\xb8\x5e\xdd\x11\xd1\x19\xca\x99\x83\x32\x75\xa6\xc3\x5e"
	"\x0d\xf5\x27\x2f\x55\xb7\x20\x98\x56\xf0\xcf\xaa\x30\x3a\x6f\x62"
	"\x0c\xd2\xfa\x15\x0e\x4a\xe8\x20\x7d\x32\x70\x70\x9d\x84\x67\x17"
	"\x16\xe3\xd6\xb8\x83\x0f\x37\x1b\x29\x14\x57\x84\x65\x3b\x36\x04"
	"\x32\xbb\x7c\xbd\xbc\xbe\x7c\xec\x04\x17\xc5\xf0\x96\x7f\x6c\x90"
	"\x94\xd5\x00\x1f\x31\x41\x4e\xef\xdf\xe6\xb7\x11\x77\x7d\x77\x3b"
	"\x87\xdc\xc0\xe3\x70\x07\xc2\x4a\xd7\xa2\xce\x4a\x54\x09\xeb\x49"
	"\x98\x47\x2c\x2d\x72\x27\x5c\x74\x9b\x5c\x2c\xab\xcc\xc4\xe0\x31"
	"\x50\x4d\x56\x00\x90\x93\x89\x60\x66\x17\x60\x10\x95\x79\x07\x07"
	"\x65\x47\xe6\xd6\x4a\x63\x90\xb0\xf0\xa7\x86\x74\xda\x58\xa5\x7e"
	"\xa5\x50\xb6\x1d\xbd\x69\x84\xfb\x3b\x35\x13\x10\xc9\x5e\x8f\x30"
	"\x03\xb2\x73\x44\x70\x96\x00\x1e\xf0\x44\xf0\x3c\xaa\x17\x1c\xb9"
	"\xc5\xad\x09\x44\x4f\xd6\x9f\x57\xc4\x6b\xa4\x56\x00\x96\xfd\x2e"
	"\x99\xa6\x05\x0b\xc6\xaf\x54\x40\x8c\x01\xd4\x52\x2f\x6c\x62\xe6"
	"\xe2\x3b\xa1\x27\xd5\x24\x4f\xba\x89\x8e\x52\x11\xa7\xa1\x1e\x2d"
	"\x08\x50\x2e\x74\x11\x25\x47\x1f\x55\xd8\x52\x30\x0c\x4d\x96\xd3"
	"\x50\xba\xc0\x3e\x1e\x52\xfd\x83\xed\x64\x2a\x6b\xe7\xa9\xbd\x3e"
	"\xec\xc1\xf9\xd2\x06\x70\xdb\x3b\xce\x2e\xed\xef\x46\xae\xf8\x84"
	"\xa6\xec\x88\xb9\x03\x2d\x9b\x12\xb3\xcc\x36\x9b\xf7\x29\x56\x8e"
	"\x79\xbc\xa3\x9e\x78\x04\x1c\x6c\x41\x69\x05\xda\xc1\x70\xaa\x64"
	"\x2d\xac\x03\x53\xdf\x67\x19\x6b\x01\x77\x23\x5d\xa9\x38\x76\x7d"
	"\x0a\x80\x19\x0b\x00\xe0\x34\x1e\xe6\x98\x4a\x82\x50\x82\x19\x1b"
	"\xb5\xc5\x6f\xcf\xdf\x3f\xb7\x68\xfe\x2f\xbf\x7f\xff\xf6\xfd\x6d"
	"\xf1\xe5\xf2\xe5\xdb\xeb\x7f\x16\xcf\xaf\x97\xe7\xc5\xdb\xcb\xff"
	"\x5e\xfe\x65\x43\xd2\x31\xb3\x38\x36\x59\xeb\x35\x3d\x3e\xf0\x1f"
	"\x38\xfa\xf8\xd7\x73\x3d\x44\xd4\x81\x0d\xc0\x9d\x02\x54\xb5\x20"
	"\xf1\x51\xc7\xa4\x64\x7e\x85\x10\xba\x3a\x1b\x24\xd5\x01\x22\xf3"
	"\xde\x1f\x32\x6d\xc8\x8f\xa2\x2c\xd2\x62\x3f\x20\xbd\x41\xa8\x8c"
	"\xf6\x24\xfa\xe6\x06\x0e\xca\x1a\xce\x25\x00\x9e\x97\xd9\x81\x44"
	"\x75\xd1\x22\x77\x7f\xff\x3d\x23\x42\x5d\x84\x9b\x88\x3d\xcd\x5e"
	"\xea\x73\x28\xab\x50\x83\x11\x80\xaa\x8b\x9d\x74\x0c\xfb\x60\x57"
	"\x05\xdc\x85\xac\xf1\x42\x6e\x8c\xd6\xb9\x2e\x22\x49\xd3\xfe\xc6"
	"\xd6\x97\x44\xba\xf3\x03\x08\x7d\xf8\x67\xd3\x0c\x9a\x60\x45\x36"
	"\xb0\x16\x15\x90\x74\xa3\xed\xc0\x3a\x1f\x1d\xf4\xfe\xf9\x51\x1f"
	"\xf3\x84\x9d\x40\x77\xc2\x9f\x44\x22\x81\x34\xda\x17\x99\x6e\x09"
	"\x0e\xee\x89\x10\x4c\xb3\x06\x03\x16\xd7\x26\x39\x11\x73\x25\xab"
	"\x31\xab\x53\x54\x5b\x53\xbd\x70\x6e\x29\x8a\x18\x40\x67\x6a\xc2"
	"\x84\xa1\xb9\x71\x0a\x08\x59\xf6\x2b\x10\x4d\x6c\x01\x71\x51\xd6"
	"\x43\xb1\xfb\xd9\x21\xc0\x23\x0a\xe7\xc8\x37\xd2\xdc\xb0\x2c\x9a"
	"\xde\x6a\x90\xf1\xb7\x03\xfe\xa2\x7f\x67\x91\xad\x76\x34\xc1\x4f"
	"\xc0\xc4\x2f\xf1\x12\x01\x9c\xec\xea\x08\x20\xf5\xf6\xbd\xa0\x66"
	"\xc0\x81\xb8\x1d\x09\x76\x73\x74\x68\x88\x78\x6b\xec\x74\x8d\x45"
	"\xf5\x04\x36\x47\x0f\x75\x16\x0e\x48\x64\x74\xc5\x23\x16\x43\x32"
	"\x3f\xe8\x2d\xef\x8e\xb8\x59\xee\x85\x20\x36\x89\x52\xba\xec\xb5"
	"\x2c\xd7\xde\x1e\xb1\x47\x31\xae\x98\x03\x22\x04\xbf\xf5\xb7\x11"
	"\xf1\xd2\xc4\xb0\x8d\xb6\xdd\x51\x8f\x8b\x8c\x48\x07\xfd\x8b\x41"
	"\x15\x4f\x4a\x19\x31\xbe\x25\xf6\x99\xbd\xc8\x21\x23\x22\x95\xf4"
	"\x02\x1c\xa2\x48\x1b\xb4\x35\xba\x19\x21\x9e\x67\x39\x0d\xd2\x09"
	"\x54\x83\xc0\xdd\x62\xe8\x6b\x3d\x3d\x4d\x1d\x42\x50\x16\xa9\x17"
	"\xc1\x6e\x5a\x91\x6a\x17\x8e\xc6\x99\xcf\xf0\xd5\x43\x14\x28\x7e"
	"\xdb\x53\x53\xe2\x58\x70\x84\x67\xce\x67\xf7\xcb\xed\xca\xd2\x0e"
	"\x11\x20\x2b\x97\x0f\x35\x8f\x8e\x11\xe5\xb3\x60\x46\x32\x98\xd7"
	"\x83\x05\x9e\xab\x70\xa5\x28\x6b\x59\xdf\x22\xc7\x8c\x38\x45\x68"
	"\x46\x13\x73\x9a\xd7\x7a\xe3\x4d\xae\x95\xb3\x97\xb7\x8f\xd8\xb2"
	"\xa4\x44\xae\x77\x57\x00\x32\xa9\xd6\xe9\xf1\x66\x45\x54\x3c\xba"
	"\x5b\xdd\x9d\x9b\xa8\x2c\xf0\xa3\xa6\x01\x35\xf3\x37\x24\x96\x7f"
	"\x86\xde\xb4\x12\x61\x82\x20\x9c\xa5\x2c\xf8\x2d\xe1\x81\x13\x67"
	"\x66\xdb\x8a\xfb\x6f\x70\xb5\x5d\xaf\xd4\xed\x0d\xee\x68\xa4\xb7"
	"\x30\x69\xa1\x0e\x15\xac\xef\xd5\x64\x6f\x38\x5a\xd4\xf5\x16\x2b"
	"\xc5\x0f\xc8\x66\xb5\xe4\x85\xcc\xe1\xb0\x85\xb7\x4b\x19\xa9\xad"
	"\x3e\xfd\x33\xe2\xfe\x49\xaa\x74\xb5\xbd\x21\x62\xb3\xb5\xcc\x15"
	"\x3e\xc3\xfb\x7e\xa9\xb5\xd0\xdd\x5d\x58\x66\x97\x2c\x3f\x7c\x08"
	"\x8b\x98\x82\x6e\x6f\xf0\x41\x97\x64\x7c\xb3\xbe\xc3\xdd\x77\x22"
	"\xb5\xdc\xdc\xaf\x88\xde\x01\x15\xf5\xe1\x6e\x89\xb3\xc1\x1a\xde"
	"\xde\xa3\x35\xb1\x62\xdb\xdb\xfb\x1b\xc2\xab\xa7\xae\x75\xe7\x34"
	"\x82\x97\x6b\x64\x7f\x31\xd6\xa4\x62\x98\xd7\x55\x12\xf1\xb2\x79"
	"\x54\x42\x38\x3b\x88\x91\x60\xa1\x75\x9b\x08\xd9\x15\x19\x2f\xa9"
	"\x0f\xcd\xd4\x10\xcb\xf6\x41\x46\x6d\x60\x0b\x80\x3b\x73\xf0\xe5"
	"\x6c\x06\x89\xb4\xda\x69\x7e\xf3\x6c\xa5\x7f\x2e\x32\x8e\x34\xc0"
	"\x20\xf3\x01\x75\xdd\x53\x13\x98\x44\xba\x80\xca\x44\x25\xf8\xca"
	"\x5f\x2e\xcd\x44\x17\x42\x57\x3d\xb3\xf6\x4c\xe3\x0c\x31\x1c\xad"
	"\xd5\x88\x18\xd6\x23\xff\x2e\xc4\x4f\xc5\x9e\xf1\xa7\x90\x84\xde"
	"\x5c\x6f\xee\x3f\xdc\x61\x21\x64\x5b\x81\xed\x9a\x9f\x1d\x37\xf2"
	"\x81\x7e\x3e\xdf\x6e\x42\x49\xcb\xa8\x6e\xee\xb7\x49\x29\x14\x3e"
	"\xb6\xf9\xee\xc3\xf2\x66\xa2\x43\x4c\x2b\xd4\x97\xbf\x9f\xdf\x16"
	"\x12\x2c\x8f\xdf\x01\xfb\xf5\x6d\xf1\xf6\x87\x3e\xb1\x7c\x5a\xbc"
	"\xbf\x3e\x7f\x7d\x83\xc6\x5a\x7c\x7e\xf9\x7a\x59\x7c\xd2\xaa\xf3"
	"\xe5\x4f\xf8\xd3\x6e\xbc\x1a\x02\xbe\x05\xe7\x1c\xa8\x54\x38\xfc"
	"\xcd\x0b\xe9\x53\xe3\x14\xb9\x1c\x1e\x05\x3c\x2f\xe2\x72\xcf\x16"
	"\xbf\xbd\xbc\x7e\xf9\x0b\x82\xb9\x7d\xfa\xf6\xd7\xd7\xcf\xdf\x9e"
	"\xfb\xe7\xff\xce\xf9\x02\xdc\x95\x19\x8c\xaf\x32\x9d\xbe\x1e\xfa"
	"\xfa\x7e\xf9\xbc\xc8\x24\x37\xa7\x93\xd6\x5c\xd3\x43\xdd\x2a\x2e"
	"\x63\x84\x7c\xd4\x8b\xfa\x94\x3a\x26\x94\x40\x00\x37\x8a\xc9\x9f"
	"\x5f\x3f\x61\xd9\x90\xf2\xdf\xfe\x7c\xfd\xa6\x57\xa6\xb7\x6f\xaf"
	"\x0b\xf5\xfe\xfc\x7e\xb1\x20\x79\x17\xff\xe0\x85\xca\x7e\xb4\xac"
	"\x51\x43\xf9\x86\xe4\x6c\x8b\xc0\xe9\x11\x5f\x2e\x04\x4f\x88\x6b"
	"\xd3\x73\x6a\x00\xd7\x49\x26\x8b\x0f\xbd\xb9\xa2\x28\x15\x29\xe6"
	"\x99\x45\x4d\xb1\xe2\x97\xaf\xbf\x5f\x5e\xff\x7c\x7d\xf9\xfa\x6e"
	"\xda\xe4\xb7\xf1\x77\x77\x4f\x69\x97\x3e\x2e\x2b\xfd\xef\x74\x2c"
	"\x40\x34\x75\xf2\xec\x63\x42\xad\x67\x85\x13\x96\xb8\x62\x5a\x27"
	"\xc1\x39\x02\x35\x91\x71\x3b\x42\xa2\xf9\x3c\x72\x83\x8f\x18\x5a"
	"\xe7\x75\x41\x38\xf1\x42\x9e\x8f\x01\xb4\x67\x23\x01\x37\x4b\xcd"
	"\x78\x53\x6b\xaa\xd1\x95\x7f\xf1\xfe\x9f\x3f\x2f\x8b\x7f\xe8\xb9"
	"\xf5\x3f\xff\x5c\xbc\x3f\xff\x79\xf9\xe7\x82\x47\xff\xa5\x67\xf4"
	"\x8f\xd6\xbd\x6d\xbf\xfd\x73\xea\xc6\x93\xaa\xa5\x12\x38\xab\x1d"
	"\xbb\x50\x84\xc0\x90\x2a\x7a\x0b\xd4\x27\x6e\xb9\xce\x0e\x34\xdb"
	"\x5d\xcc\xd4\x0f\xa0\x69\x6b\xe6\xdd\x39\x19\x4e\x5a\xec\xf7\x38"
	"\xca\x92\x61\x2b\x0e\xbe\x32\x1d\xe4\xf8\xd8\x36\x75\xaf\x78\xdc"
	"\x2d\x9a\xf9\xa2\x94\xd3\x0e\x75\x45\x62\x3e\x27\x21\xcd\x7f\x67"
	"\x84\x14\x53\xd7\x88\xe8\xd1\x4e\x85\x62\x6d\x65\xaa\x32\x38\x02"
	"\x21\x12\x4a\x0a\xf7\x81\xce\xdb\x0f\xc3\xa1\xd0\xf1\x5a\x2e\x60"
	"\x79\xc2\x7a\x1b\x07\x32\xe7\xe7\xfd\x6e\xdd\xca\x87\x85\x6e\xe7"
	"\x84\x76\xf9\x79\x15\x90\xd9\x89\x55\x80\xd9\x8d\xb4\xf5\xa9\x39"
	"\xeb\x7f\xcc\xac\xa4\x73\x4a\x4a\xc2\x0d\xdb\x70\x75\x1a\xdb\x33"
	"\x71\x68\xe8\x05\x82\xfd\xc1\x38\xab\x02\xb9\x33\xc6\xc3\xc5\x63"
	"\x92\x7f\x08\x16\x00\x04\xb6\x33\x02\xdb\xdb\x90\x40\x76\x0c\xd6"
	"\x20\x3b\x1e\xb2\x40\x4f\x45\xa5\xde\x24\xad\x8a\x40\xfe\x00\x61"
	"\xa6\x07\x4e\x40\x02\x2c\x68\x15\xcd\x87\xe0\xc3\xab\x8a\x88\xae"
	"\xb5\x67\x46\xeb\xe6\xe2\x44\x79\xf8\x0c\x32\x81\x1d\xd3\x20\x13"
	"\x6e\x8a\xb2\x5e\xcf\x09\xac\xc2\xd3\x33\x63\x55\x5d\x3e\x4a\x6a"
	"\x76\x1e\x62\x95\xf0\x68\xa2\xd7\x5a\xb2\x1f\x73\x16\x93\xe8\x2e"
	"\x7e\xb0\x14\x9a\xe8\xc4\xf5\x24\x1f\x64\x02\x49\x79\x96\x41\xa0"
	"\x80\x75\x30\x16\xac\xf6\xc2\x7d\xd9\x99\xf3\x2c\x9a\xd3\xc0\x90"
	"\x52\x6b\xbe\xf0\x74\xfa\xc8\x68\x1e\x6b\xc7\x7a\xa8\x39\xf0\x66"
	"\xa6\x3e\xe4\x14\x7c\x13\x14\x4d\x16\x6d\xd0\x3f\x71\xae\xf5\x16"
	"\xcf\x89\x9d\xd3\x25\x60\x74\xd7\x88\x81\xef\x6b\x81\x5a\x12\xe6"
	"\x94\xb6\xdf\x72\xc2\xd5\xbb\x5b\xc7\xcf\xeb\xe5\x76\x19\x98\xc6"
	"\xf1\x01\x1a\xae\x8b\xaf\x10\x58\x29\xca\xd0\x32\x92\xcb\x5a\x16"
	"\x41\x3e\x5b\x12\x91\x13\xdb\x4a\xd4\x22\xa0\x06\xd4\x53\x76\xb7"
	"\xe6\xf7\x5a\x61\xae\x68\xa1\x47\xdd\xbf\x92\x43\x10\xd5\x9b\x90"
	"\x10\x9b\xd3\xef\x11\x5f\x6f\xef\xfe\x0e\xa8\x04\x28\xcb\xf6\xc3"
	"\x2d\x2d\x71\x8a\x3e\x2c\xb7\x81\xea\xd0\x51\xdc\xda\x3d\x52\x36"
	"\xa3\x78\xcb\xec\xfe\xe6\x66\x49\x8d\xe3\xf6\xda\x4b\x1f\x83\x44"
	"\x0e\xce\x32\x5e\x14\x14\x7b\x9d\xd5\x93\x36\xe3\x32\xb0\xc4\x44"
	"\x09\xcd\x2b\x54\xd4\x76\x3b\xf3\xac\xe7\xf6\x35\x72\x09\xf6\x31"
	"\x6c\xe2\x7b\xce\xa4\xbd\xaa\x8b\x30\x03\x6e\x46\x58\xce\xa8\x0b"
	"\xd1\xc1\xc8\x98\x99\x6b\xdd\x5a\xe6\x53\x63\x60\x94\xb9\x17\x5c"
	"\xc4\xd6\xd5\x96\xa0\x8e\xf1\x26\x9b\x58\x16\x5e\x82\xed\x2d\xa8"
	"\x09\xe6\x08\xcf\x5c\xd9\x5e\x9f\x15\xe0\x07\x65\xe3\xd5\x9f\x18"
	"\x25\x83\xe7\xd0\x7b\xcf\xb4\xc0\xee\x23\x5d\xe5\xac\x54\x49\x51"
	"\x7b\x99\xd7\x89\xcc\x61\xaf\x7d\x94\xa0\x6f\x42\x59\x92\x91\x09"
	"\x23\x08\x0a\xcc\x28\x16\xbc\x10\x20\x2e\x4d\x34\x97\x1c\xbe\x9a"
	"\xf7\x8b\xa8\x0a\x32\x55\x0c\xf8\xdd\x6d\x54\xfc\xca\x40\xb3\x5a"
	"\x07\x01\xaf\x1d\xe2\x94\x79\xde\xf0\x23\x4f\x1f\xde\x9c\x77\xfc"
	"\x03\x49\xaf\x25\xdc\x4b\x27\xe0\xa7\xae\xb9\xf0\x26\xde\x58\xfa"
	"\x15\x25\x01\xfe\x5f\x7b\xf2\xed\xf2\x98\x33\x3b\xee\x28\x09\x96"
	"\x47\x55\xa1\x77\x01\xbd\x64\xad\x4f\x78\xaa\x6e\x0a\xb8\x96\x1d"
	"\x82\x3b\x99\x75\x28\x22\x06\xa9\xfb\xde\x66\x00\xc5\x23\x6c\xa9"
	"\xf1\x41\x79\x28\xc0\xed\x09\x5d\x08\xb1\x58\xae\xb7\xb7\x8b\x7f"
	"\xc4\x2f\xaf\x97\x93\xfe\xf7\x47\xcc\x92\x14\xcb\x4a\x80\xd3\x21"
	"\x9e\x76\xc7\x6c\xf2\x42\x3d\xe1\x0e\xd6\xdd\xe5\xbd\x1d\x5c\xd4"
	"\x03\xb5\x77\xfd\x16\x77\x45\x1e\x39\xcf\x1b\x8d\x01\xda\x09\x4d"
	"\xa4\x33\xdc\x1f\xa8\x2d\xaf\x78\x3c\xb0\x54\xfe\x12\x78\x41\x44"
	"\x98\xd8\x65\xbc\x23\x3f\xa9\x05\xcb\x28\x3f\x32\xf2\x55\xc9\xf1"
	"\x4c\x71\xe0\x92\x99\x70\xa3\xd8\x13\xcf\xa5\x75\x46\x4a\x90\x2f"
	"\xc1\xe0\xb4\x5a\xd0\xce\x49\xe0\x39\x4f\xd6\x0d\x98\x70\xdc\xad"
	"\xab\x22\xa5\x8c\xa8\xed\xd3\x00\x59\xa6\x98\xa3\x8f\xde\x35\x39"
	"\xe3\xf1\x90\x37\x47\xd3\xaf\x95\x3e\xa8\x37\x28\xb8\xc8\xb1\x7d"
	"\xfb\x3a\x96\x23\xf5\xae\xb1\xec\xc0\x46\x39\x72\xe7\x61\xbc\xd8"
	"\x46\x63\xde\x27\xd7\x80\x14\xbd\xbc\xbd\xbf\xbe\xfc\xfa\xfd\xfd"
	"\xf2\x69\xa1\xfe\x7a\x79\xff\xf8\xc7\x82\x8d\x51\x02\x11\x37\xf2"
	"\xfe\x4d\x85\x3b\x30\xb5\x1e\x8a\x8a\xaa\x59\x7b\xe6\xe6\x63\x51"
	"\x51\x9b\x9c\xfa\xa9\x4c\x0a\xf4\x42\xce\x4a\x8f\x45\xac\xac\x5d"
	"\xcd\xd4\x91\xc0\xc4\x57\xc5\xde\x64\x43\x12\xd0\x4b\x90\xb3\x41"
	"\x16\xf5\x72\xbd\x3c\xcf\x7c\x94\xea\x63\xa0\x56\x6d\xdc\x69\x78"
	"\x95\x4a\x5e\x28\x35\xf7\x69\x2d\xdc\xfd\x2c\xe3\x82\xda\xac\x76"
	"\xc6\xca\x5a\xcd\x55\x22\x63\xbf\xb8\x89\x6a\xa5\x87\x3e\x6e\xc1"
	"\xbe\x75\xf6\x17\xfa\xe7\xfd\x72\xb9\x24\xaf\xee\x4a\x18\x42\x6b"
	"\x7c\xc7\xa9\xbf\x6d\xce\x7b\xc2\x4f\xa9\x67\x76\xae\x74\x9c\xcf"
	"\x14\x4b\xab\x1e\xbd\x55\x73\xec\x6d\xec\x31\x3e\x45\x33\x9f\x55"
	"\x1c\x1d\x77\x0c\xda\xa2\x50\xee\x6e\x2b\x25\xaa\x51\xa7\x4b\x92"
	"\x21\x48\x0e\xd5\x85\x67\x52\x5b\xf4\x65\x3b\xe8\x5d\x03\xa3\x1e"
	"\x77\xb2\x48\x78\xb1\xba\xb4\xfa\xda\x85\x5b\xa1\x85\x65\x76\x67"
	"\xda\xee\xf6\x96\xd8\x31\x66\xa0\x42\x09\x23\x60\x7e\xc6\xdb\x88"
	"\x53\x43\xb6\x96\xfb\x22\x5f\x93\x89\x9d\x29\x1f\xb6\x5a\x64\xfe"
	"\xb5\x8c\xfd\x61\x3d\x5b\x61\xee\x21\x34\xed\x72\x16\xfe\x86\xb3"
	"\xa3\x3c\x38\x4d\x54\x27\x87\x1c\xfc\x0e\x75\xdd\x1a\xe2\xf5\xa2"
	"\x2d\x72\x9c\x17\xd9\xed\xcf\xb3\x32\x15\x21\x93\xca\xc7\x83\xa4"
	"\xde\x30\xf5\x4c\xaf\x10\x48\x2d\x13\x91\x2a\x77\x1f\xde\x91\x9a"
	"\x7a\x49\x58\x86\x3b\xf6\x3a\xcc\xbe\x9d\x61\xcf\x96\x4c\x1f\x39"
	"\x0b\x57\x67\x51\x51\x37\x66\x95\x58\xe4\x2e\x01\x6d\xa0\x9b\x94"
	"\x0c\x47\xd4\x7f\xe5\xa3\x7c\x47\xe9\x8a\x30\xe4\xeb\xee\x02\x5c"
	"\xff\x70\x7a\x10\x07\x58\x9c\x9d\x41\x28\x56\xb3\x65\x17\xbf\xf0"
	"\xc4\x8d\xb8\xda\x52\x9a\xbc\x54\xdd\x21\x09\xdc\xea\x1a\x31\x9f"
	"\xd2\x99\xb9\xe7\xda\x15\x31\x7a\x8e\xe7\xfd\x4c\x55\x12\x7d\x46"
	"\x82\xe5\x2c\x77\x63\x7d\x9e\xef\x92\x68\xd5\xec\xbd\xa8\x0c\x96"
	"\x00\x98\x4e\x04\xcd\x2e\x6f\x6e\xc9\x95\x25\xc9\x15\x45\x07\xe8"
	"\x8d\x98\x64\x92\xda\x4b\x33\xd7\x33\xd5\x74\xda\x3d\x29\x3d\x73"
	"\x0c\xf2\xc1\x81\x9d\x84\x44\x97\x98\xfe\xed\xdc\xd8\x8d\x94\x71"
	"\x07\x18\x01\x0e\xe1\xc6\xb1\xdf\x51\x74\x42\x11\xc9\x33\xf5\x09"
	"\xb9\x48\x1b\x0e\x95\xdc\x2d\x55\x32\xcd\x20\xbe\x89\xb3\xe5\xcd"
	"\x43\xb8\x45\xe5\xfd\xea\xee\xec\x4c\x9a\x9f\xb3\x99\xc1\x99\xb1"
	"\xea\x28\x52\xa7\xad\xb3\x63\x46\xa9\x4a\xf5\x80\x0e\x76\xf5\xf0"
	"\xe4\xba\x77\xea\xdf\xa4\x39\xc3\xce\x5c\xe7\xcc\xf2\xc2\x29\x71"
	"\x96\x9e\xf5\xb8\x26\xac\xd9\xc0\x23\x0f\x94\x9a\x7b\x17\xe4\xaa"
	"\x53\x90\x1d\x9f\x66\x4a\x2b\x79\xe5\x8e\xca\x07\x75\x7f\x7f\x8b"
	"\x2f\xea\xc0\xba\x5b\x06\x58\x3a\xc7\x94\x60\xff\xa2\x53\x3d\x13"
	"\x06\x6f\xaf\x3c\xc5\x44\xdf\xe5\x7c\x75\xff\x33\xe1\xc3\xa7\x99"
	"\xe7\xd5\xad\xe6\xce\xcc\xcc\xec\xa9\x72\xcc\xd0\xf0\x7b\x79\x43"
	"\x38\x3e\xc7\x82\xa5\xf9\xcc\x26\x3f\x67\x7a\xdf\x9d\x39\x69\x76"
	"\x24\x7c\x43\xa7\xee\xd7\xf7\xab\x99\x42\xea\x3f\xab\x22\x2f\x32"
	"\x2f\x64\xc5\xcc\x3a\x75\xbf\x76\x1f\x4d\xe6\x62\xf5\x30\xdf\xd4"
	"\xf9\x51\x6f\x10\x9c\xfd\x73\x5c\x54\x5c\x44\x02\x0d\x21\x68\x7d"
	"\x58\x3c\x48\xf7\x40\x94\x14\xd4\x66\xbd\x8b\x39\x29\xf2\xbd\x74"
	"\xc3\x70\x24\xfa\x48\xa2\xbb\x19\x6d\xa9\x27\x01\x4e\xf7\xb1\x9c"
	"\x39\xda\xb5\xa6\x6b\xc7\xfd\x27\x65\x6b\xea\x6e\xed\x31\x25\xb7"
	"\xa4\x8f\xe9\x9e\x3c\xcd\x9f\x45\xde\x90\xdf\x89\x99\xc3\x06\x58"
	"\x47\xe0\x7e\xc2\x29\x23\x67\x1f\xb4\x0e\x27\x1d\x5a\x5a\xd7\x72"
	"\x3c\xac\x91\xb1\x0c\xa0\x6b\x0b\xa0\x0d\xd7\xc2\xd9\xab\xdc\x2f"
	"\xd7\x5b\xe2\x02\x18\x58\x75\x81\x6b\xc3\xea\x7e\xb9\xd9\x86\xab"
	"\x55\xe9\x05\x55\x31\x85\x17\x24\x72\x7a\xa4\xda\xdc\xdc\xce\x0c"
	"\xf9\x0a\xde\xff\x57\x68\x62\x8a\x65\x7a\x63\xe5\x80\x8c\x29\x73"
	"\x44\x9c\x1d\xa2\x4a\x88\x47\x3c\x49\xa9\x95\xb3\x6b\xdb\xdf\xae"
	"\x6e\xd6\xcb\x99\xe4\xa4\xeb\x9a\x20\xd5\x96\xba\x97\x91\x6a\xb9"
	"\x9d\xa9\xb1\x2a\x52\x56\xc5\x29\xf3\x2e\xde\x08\x53\x99\xa6\xc3"
	"\xe3\x26\x3e\x67\xe9\x50\x99\x72\x9a\x5e\x65\x7c\xbb\xc4\xe7\x82"
	"\x28\x25\xc7\x77\x32\x90\xc8\x76\xb9\x3c\xbb\x09\xb5\xb4\x2e\x50"
	"\x78\x51\x3c\x10\x77\x5a\x20\x77\x3b\xa7\xe1\x54\x6d\x54\xbc\x93"
	"\x41\x9d\x01\xe0\xdc\x7c\xa7\xba\xb6\xaf\x84\x95\xe5\x53\xa6\x07"
	"\x3e\xb5\x23\xdf\x13\x4e\xdd\x1c\x00\x30\x72\x42\x4b\xcb\x43\xb8"
	"\x10\xb5\xf8\x3f\xca\xae\xad\xc9\x71\x14\x59\xff\x95\x8a\xf3\xb4"
	"\x1b\x71\x76\x47\x77\xc9\x0f\xf3\x80\x25\xd9\xa6\x2d\x24\x95\xc0"
	"\x65\x55\xbf\x28\x6a\xbb\x6b\xa7\x3b\x4e\xdf\xa2\x2f\x11\x33\xff"
	"\xfe\x90\x48\x96\x85\x4c\x82\xe7\x61\x7a\xca\xe4\x27\x40\x80\x20"
	"\x81\xcc\x2f\x0f\x27\xfd\x3e\x73\x4c\x71\x3c\xa5\x3f\x41\x87\xbc"
	"\x95\x0b\x37\xc1\x62\x2d\x56\xc4\xd1\xd9\x4f\xfa\xc4\x2d\x7f\x0e"
	"\xdd\x81\xd6\xe6\xec\x40\x0a\x0e\xe3\xf9\xea\x28\xfd\x36\xdb\x33"
	"\x7d\x5b\xeb\x11\xef\xc6\x94\xe1\x1c\x63\xba\xea\x0c\x08\x5d\x0b"
	"\x30\x7f\xae\x9b\x56\xee\xe4\xb5\x0d\xd5\x39\x1f\xfa\x0a\xdd\x2f"
	"\xec\x8a\x82\x62\x3b\x85\x96\x1a\xef\xc2\xe4\xd6\x72\x3c\x05\x5f"
	"\x1c\x82\x43\xe2\xca\x97\x62\x4c\xcb\x19\x38\x98\x60\xa5\x8f\x18"
	"\x2a\xb6\x04\x73\x6c\x9e\x32\x1e\xd8\xa9\xc7\xfd\x83\x35\x14\xf8"
	"\xa6\x75\xa5\x25\x3b\xc7\x16\x49\x61\x9a\x1c\xce\x08\x71\xf9\x74"
	"\x7a\x60\x68\x9f\xf6\xf0\x5c\xd1\x85\x2b\x3d\x3f\xcb\x14\xcd\x37"
	"\xb8\x2c\x20\x1a\xf1\x1e\x2e\xde\xa4\xe8\xd6\xfe\x9d\xd2\x07\x48"
	"\xbf\xe1\x08\xd1\xce\xf1\x56\x4f\x2e\x0e\xe8\xc6\x43\x3b\x1c\x20"
	"\x32\x2f\xec\x51\xb1\xec\x30\x30\x9e\xb1\xc9\xb3\xd4\x26\x9f\xce"
	"\xbd\x50\x40\x4e\x73\x52\xe0\xd5\x93\x9a\xb6\xa0\x35\x2e\x2f\x88"
	"\x1c\x79\x96\xec\x8b\x56\xea\x80\x51\x66\x97\x27\xe9\x5a\x3e\x5f"
	"\x00\xf5\xa5\x6a\x5b\xcd\xd4\x2b\x6f\x2b\x39\xb6\xb0\x1c\xd5\xa6"
	"\x73\xe8\xcf\xe4\x19\x85\x54\x60\x91\x23\x7c\xcf\xf7\x73\x1c\x03"
	"\xd4\x15\x88\x6c\xda\x6d\x39\xe5\x52\xd9\xc6\x31\x6a\x1b\x62\x15"
	"\xab\x5d\x81\x1d\x01\xba\x37\x8a\xa8\x15\xff\x05\xc1\x0b\x79\xb4"
	"\x3e\x3e\x69\x58\xb8\x5c\xaa\x31\xd6\x1a\xc2\xf2\x88\x0b\x85\xdc"
	"\xd9\xf7\x48\x30\xdb\xb2\x23\x72\x1a\xa5\x39\xde\xcb\x4f\x70\x8d"
	"\xca\x4b\x54\xde\xd3\x8a\xd6\x72\x8a\x92\x5f\x6f\xd0\xc1\xbf\xb6"
	"\x4e\x90\x5b\xb9\xcd\x26\x66\xa6\xd3\xd1\xb6\x5d\x38\x38\xc9\x1f"
	"\xc3\x96\x17\x7a\x94\x57\x48\x2c\x4a\x70\xbe\x2b\xf5\xc4\x35\x29"
	"\x36\xa4\xb1\xb6\x5d\xa1\xd4\x5d\xb6\xee\x59\x2f\x93\x1b\x0d\x25"
	"\xf4\xe2\x9a\x89\x30\x76\x99\xb2\x0c\xb8\x02\x09\x6d\xcd\xf5\x72"
	"\x2e\x36\xa3\x8b\x24\xe5\x4d\x2d\xc4\xf3\xea\xc6\xc6\xb4\xf5\xe2"
	"\xd5\x61\xf1\x30\x38\x68\x8c\xa4\x53\x60\xda\xcc\x75\x41\x4e\x84"
	"\xa6\x95\x41\xda\x91\x9c\xcd\xba\x0e\x08\x5b\x88\xe3\x7c\x5a\xe5"
	"\xd2\x89\x2a\xf3\x63\xcf\x94\x18\x98\x12\x93\x75\x91\x52\xa1\x48"
	"\x33\xa3\x83\x1e\x48\xe5\x7f\xda\xc6\xe2\xf2\x46\xa4\xcf\x32\x3f"
	"\xed\x31\xc1\x66\xf0\xd3\x8c\xdc\x4a\xf3\x22\x57\x57\x4b\x46\xc9"
	"\x50\x2e\x1d\x1d\x97\x82\x3a\x67\xeb\x6a\x83\x68\x3c\x51\xbb\x20"
	"\x90\x37\xb8\xe4\xc1\xb6\xd4\x90\x7b\xc1\x36\x89\xe7\xdf\xa6\xf3"
	"\x6e\x23\xf7\x62\xc6\xf4\xcc\x98\x2e\x3f\xe1\x74\x3c\x8c\x32\x48"
	"\x36\x46\xc9\xbe\x4a\x02\xcf\xd0\x48\x35\x4c\xb9\x99\xa1\x10\x98"
	"\xce\xb7\xb7\xc9\x2c\xe7\x69\x16\x1a\xf0\x1d\x84\x05\x96\x6a\x39"
	"\x17\xe6\x66\xe5\xa7\x2d\x2f\x2f\x56\x0e\x36\x88\x2e\x23\x15\x1d"
	"\x58\x9c\x84\xab\xf1\x45\xea\x20\x0d\x56\xb5\xd8\x96\xd5\x71\x69"
	"\x2e\xa4\x70\x1d\x93\x9f\xf1\x69\xd5\x20\x65\xcb\x9b\x3a\xc8\xb2"
	"\x4c\x4f\x3e\xe6\x81\xbf\x31\xbc\xda\x5b\x72\xea\xd6\x9f\x82\xaa"
	"\x73\x9f\x05\xa1\xef\xe9\xa4\xce\x17\xe1\x91\x54\x8c\x1a\x1a\xfc"
	"\x51\x4e\xee\xe7\x33\x59\xd5\xf3\xc0\x9b\x5b\xa8\x5c\x34\x63\xbf"
	"\x5f\x0d\x18\xda\x1e\x6e\xca\xe3\xb4\xec\x3a\x32\xdc\x7c\x3c\x4f"
	"\x55\x62\x1a\x3f\xf9\x41\xee\x35\x17\xe9\xe7\xd5\x5e\x74\xe6\x9b"
	"\x3a\x17\xa6\x5b\x62\x80\x5f\xef\xb5\xd9\x6a\xbf\x2f\x53\x32\x33"
	"\xb9\x11\x11\x87\xab\x99\xa4\x29\x2f\xdd\x3e\x00\xe0\xb8\xb1\x1d"
	"\x48\x81\x05\xaa\x78\xae\x89\x5c\x30\x46\x0e\x0e\x48\x50\xa4\x51"
	"\xd8\x23\xf1\x11\x97\x20\x27\x55\x52\xb6\x39\x0e\x87\x05\xa1\xee"
	"\x98\xb2\x7e\x93\x31\x75\x2b\xf2\xa6\xec\x17\x64\x50\xcb\x32\x36"
	"\x47\x3c\x7f\x7d\x7a\x9e\x13\x6d\xfc\x54\xa4\xab\x36\x7e\xba\xe8"
	"\xc7\x4b\xca\x85\x5b\x68\x9d\x7c\x6e\xb5\x42\xe6\xf4\xc3\xb9\x33"
	"\x5a\xd6\xca\x5a\x24\xc7\x6a\x55\x2f\x99\x32\x20\xf4\x77\x93\x74"
	"\x9c\x37\xd6\xcf\x58\xbb\x12\x00\x36\xea\xa6\x09\x02\x04\x5c\xb8"
	"\xa5\x2b\xe9\xe2\x38\x30\x5d\xa4\x9c\xa9\x9c\xfc\x7c\xef\xf7\xcf"
	"\xab\x84\x81\xf2\x0e\x74\xe9\x25\xd3\xda\x28\x98\xea\x72\x2b\x98"
	"\x09\x70\x18\x67\xb7\xd2\x1b\x66\x8e\x8b\x60\x24\xee\xa0\x72\xc3"
	"\xb4\x6e\xce\xd5\xbd\xc3\xf5\x1b\xcc\xeb\x30\x31\xae\x94\xfa\x27"
	"\xc3\xca\x55\x8e\x0c\x21\x00\x24\x22\x4d\xf2\xd8\xeb\x11\xb2\xcf"
	"\x65\xae\xe6\x6b\x79\xe4\xb2\x3c\x0a\x2d\xe6\xef\x8a\xc3\x02\xdb"
	"\x43\x82\x70\x67\x3e\x61\x5c\xd6\xe6\x72\xff\x6a\x10\xdd\x5c\x65"
	"\xd1\xf6\x1c\x60\x27\x04\x20\x0b\x30\xd9\xb9\x8a\x36\x49\x8c\xc9"
	"\xc2\x4d\x84\xca\xce\x74\x47\x1d\x6f\xa0\x08\xe4\x38\xd5\x6a\x0a"
	"\x0b\x25\x31\x2b\xda\x52\x65\x61\x88\x35\x62\x1b\x47\x06\xff\xff"
	"\x85\x53\x2c\xe5\xcc\xc8\x7f\xbf\xac\x8e\xe1\x5a\x4a\x6e\xc6\xcb"
	"\x4e\x20\x0e\x06\x17\xa1\x32\x4c\x05\x9e\x24\xb3\xd6\x0e\x0d\x81"
	"\x98\x48\xb1\x73\x95\x1d\x5d\xb5\x2a\x0b\x4a\xc6\xb5\x64\xe6\xe9"
	"\x48\xa5\xba\x74\x32\x77\x7d\x47\x74\xf5\xbc\x13\x41\xef\x69\xb7"
	"\x0f\x32\x25\xf2\xbc\xd5\xa4\xbe\x94\xc6\x36\x69\xe2\x5b\x9e\xcc"
	"\x6e\x9e\xd4\x72\xd5\x14\xa7\x4e\xa4\xe1\x2a\x01\x9e\x37\x27\xc9"
	"\xbf\xc2\x70\xa9\xbe\x69\x92\x18\x97\xa4\xa1\x59\x12\xa3\xb9\xc5"
	"\x48\x6e\xa7\xfa\x58\x37\xe7\x7a\x2d\x1a\xb4\xf3\x9a\xb1\xb5\x21"
	"\x6d\x58\xbf\x48\x6f\xc1\xce\x24\x5b\x26\xe1\xda\x7d\x63\x21\xba"
	"\xe1\xca\x1b\x45\xd8\x2d\xa8\x36\x4e\x6e\x6f\x24\xd4\xde\x24\xf3"
	"\x8c\xdd\x07\x92\x74\x59\x07\x95\xb0\x5a\x50\x65\x2a\x2c\x9e\xeb"
	"\x3a\x55\xc0\x3f\x81\xb0\xb7\x4f\x52\x6e\x95\x16\xb8\x34\x0d\x42"
	"\x62\x95\x6e\x2d\x39\x67\x59\x69\x2d\xd7\x22\x95\xaa\x1c\xb1\x3e"
	"\x9b\x9f\x90\x76\xec\xfb\xfe\xa4\x37\x24\xa4\xc8\xe1\x05\xee\xef"
	"\xcb\x98\x14\x5a\x6f\x71\xed\x80\x5a\xfe\x1c\x36\xbe\x6b\x11\xe4"
	"\x9a\x9e\x95\x9f\xfd\xc0\x78\x04\xbc\x7c\x44\x3f\x07\x3f\x57\x7e"
	"\x80\xdc\x27\x83\x08\xb9\xc9\x93\xa2\x0c\x15\xad\xef\xc2\x0d\x75"
	"\x78\xfb\x5c\x90\xd5\xa6\xe2\x6d\x21\xeb\xbe\xd0\xf7\xe1\xb7\xef"
	"\x77\x9a\xe9\xf7\x25\xed\xae\xd1\xaf\xce\x39\xcb\xba\xd6\x4e\xe9"
	"\x1f\x45\x0d\xcb\xae\xdc\xe2\x4b\x05\x50\x91\xe7\xd8\xe9\x32\x0f"
	"\x67\x4e\x19\xca\x09\x71\xdd\xfb\x9d\xcd\xd7\x05\x52\x93\x91\x5b"
	"\x09\x56\x32\x20\xee\x53\x44\x66\xba\x16\x0a\xd2\xf1\xdb\x37\x86"
	"\xa1\x28\x06\x65\xaa\xac\x5f\x52\xc1\x43\x98\xc1\x1f\x07\x2f\x33"
	"\x92\x04\x1b\xcf\x0e\x08\x6d\x00\x30\x91\x52\x07\x75\x38\x64\xd2"
	"\xf1\x47\x6a\x2b\x8c\x5b\x3e\xc7\x48\xa8\xe0\xc5\x70\x95\x18\xa4"
	"\xea\xd8\x06\x33\xa9\x00\xc0\x61\x54\xc4\x2d\x20\xa8\x26\x38\xce"
	"\x21\x16\xde\x6a\xa4\x4c\xbe\x77\xc0\xb8\x0e\x14\x9d\xe0\xe5\x62"
	"\xea\x07\xc8\xea\x24\x68\xb5\xdc\x57\x40\xda\xbe\xac\x2b\xfd\x0a"
	"\x48\x36\xc9\x5a\x27\x1a\x89\x2b\xbe\x40\x58\xf1\x87\xf3\x47\xe0"
	"\x66\xfb\xc7\x44\xac\xfe\xf1\xcb\x1f\x0f\x5f\x47\x9e\xc9\x7f\x3e"
	"\xfc\xfc\x2a\xd1\xaf\x0f\x3f\x3f\x5c\x50\x86\x63\xfd\x33\x66\x78"
	"\xcf\x7a\x30\xf8\x45\x1c\x8d\x0b\x83\x2f\xc4\x97\x6f\xbf\x7e\xa2"
	"\x5e\xf8\x8a\x86\x75\x11\xda\x0e\x7e\xae\x56\x81\x31\x6d\xb7\x83"
	"\xa1\x5d\xad\xc2\xc6\x8c\x32\xb0\xb2\xc7\x06\xc6\x88\xe0\x8a\x18"
	"\xfa\xc8\x10\x4d\x70\x04\x31\x22\x3a\xda\xaf\x41\xea\x25\x4e\x3f"
	"\x5e\xbf\x7f\x7a\xf9\xf2\xfe\xe1\xe3\x97\x9f\xaf\xdf\xff\xfb\x32"
	"\xb2\x01\xe9\x4f\x37\x72\x6b\xbc\x62\xd7\xd2\x25\x40\x73\x7a\xea"
	"\x8d\x31\xb6\x34\x18\xcf\xbb\xb2\xac\x87\xfe\x77\xdf\x0b\x22\x3b"
	"\xe6\xf9\xf7\x34\xc9\xd6\xe5\xbd\x69\x9e\xcd\xc1\x15\x46\x71\xf9"
	"\x64\xac\x65\xf9\x84\x7d\x24\xa3\xfc\x58\x3e\x03\x79\x99\xb0\x43"
	"\xa4\xd2\xbc\x6d\x10\x17\x4f\x45\xa4\x0a\x1e\xba\x9d\xa2\x41\x9b"
	"\x69\x53\xc7\x11\x82\x91\xa7\xce\x59\x6f\x1b\xa9\x0a\x68\x96\x4b"
	"\x53\xda\x20\x37\x51\x66\x2b\xa4\x2b\xa0\x8d\xe3\x2c\xbb\x07\x64"
	"\xb2\x85\xb8\x42\xc4\x71\x6b\xae\xc2\xa3\xf0\x3d\x84\x4b\x68\x81"
	"\x09\xfc\xc4\x81\x29\xa6\x88\x1d\x5d\x92\xc5\x76\x64\x75\x3c\x6e"
	"\x0b\x5b\x65\xe1\x82\xd2\x58\x57\x10\xa8\x6f\x06\x89\x5e\x33\x03"
	"\x85\x9c\xbd\x23\x3f\x71\x82\xb2\xc8\x77\xb4\xed\xf8\x69\x39\x5e"
	"\x88\x65\x61\x10\xba\x31\x61\xe8\x2a\xab\x4f\xc3\x78\xe3\x00\xe5"
	"\xdc\x01\x68\x3b\xb9\xfe\xdb\x31\x75\x79\x16\xc8\xca\x35\x63\x20"
	"\x82\x0b\x2c\x1c\x8e\xe2\x26\xd3\x17\x07\x48\x34\x67\x72\x26\xcf"
	"\x0e\x94\xdc\x59\x6c\x1d\x3d\xdb\xc8\x49\x2e\x72\xf4\x2b\x0b\x06"
	"\xd1\x9c\xf2\x03\x16\x29\x67\x46\xf6\xc2\x59\x5e\x4e\x5a\xdf\xef"
	"\x1d\x03\x60\x8b\x70\xfb\x2f\xa6\x3e\x93\x09\x00\xa4\x0f\xa4\x6d"
	"\xab\x52\x55\x77\xb1\xaf\x55\x12\x99\x6b\xbc\x49\xa3\x75\x32\x7f"
	"\xae\x49\xab\x2e\xd9\xb4\x8d\xd5\x3c\x83\x42\x00\x74\x6d\x37\x73"
	"\x49\x1b\x48\x4d\xb0\x68\x92\x57\x4c\x58\x38\x00\x88\xa1\xc3\x0c"
	"\xc8\x9b\x2d\xe2\x58\x3a\x43\xf6\x3b\xc4\x3a\xfd\x8a\xc0\x22\x40"
	"\x6b\x88\x81\xb9\x40\x27\x2a\x27\x0b\x86\x90\xd8\xcd\x30\x75\xfc"
	"\x82\x45\xcd\x9a\x51\x9c\x16\xe5\x99\xd6\x58\x74\xdf\x19\x27\x58"
	"\x61\x3a\xb1\xba\x96\xa6\xac\x17\xaf\x3d\xb7\x12\xac\x4f\x47\xd7"
	"\xe2\x00\xf1\x59\x9a\x71\x72\xff\xdc\xd1\xc6\x51\x49\x46\xf6\xca"
	"\xfc\xd7\xf1\xca\x2d\xc9\xcb\xa6\xdb\xde\x81\xda\x12\xc4\xa2\xf6"
	"\x0a\x13\xb4\xde\x3b\x1b\xef\x4c\x0b\xf9\xc3\x0e\x7a\x7b\x28\xeb"
	"\xc3\xc9\x31\xc8\x08\x8f\x3d\xdf\xb7\x63\x40\xe1\x38\xb1\xd6\xd6"
	"\x5b\x7d\x4b\x0a\x43\x5f\x41\xb2\x54\xed\x30\xc9\xfa\x3c\x62\x96"
	"\xb6\x5c\xc9\xb9\xd1\x28\x68\xfc\x86\x55\x08\xe3\x85\x6a\x39\xfe"
	"\x1e\x2f\xab\xf2\x32\x5f\x56\x67\x29\xa2\xad\x76\x36\xb6\x10\xed"
	"\xc5\xf2\x78\x74\x21\x38\x90\x5a\x6a\xcb\x7b\xa3\xec\x08\xa1\x94"
	"\x75\x8f\xe2\x59\x36\x5d\xfd\x9a\xbc\x3e\x47\x10\x2f\x3b\x2a\xf7"
	"\x3c\x67\x22\xb5\xaa\x68\x3d\x47\xa9\xc9\x6e\x54\x03\x75\x0a\x60"
	"\x25\xb8\xd9\xc9\xe9\x92\x81\x89\x23\xa2\xa5\x2d\x40\x8f\xcb\xb8"
	"\xf3\x2b\x19\x30\x7f\x99\x84\xbb\xf3\xc4\x3b\xff\xf3\xeb\xaf\x77"
	"\x1f\x7e\xfb\xef\xa7\x97\x1f\x1f\xfe\xe7\x16\xc6\x9a\xe2\x54\x81"
	"\x4f\xb6\xd0\x82\xdb\xab\xe8\xd5\x13\xc6\x94\x3b\xcc\xdc\x2d\x81"
	"\xf8\x6d\x75\x23\xe8\xee\xd9\x84\x99\xb2\xe6\xe7\x68\xe3\x7b\xc9"
	"\xf5\x32\xe2\x16\x11\xa6\x56\xf9\x4e\x84\xb1\x9f\x49\x80\xa1\x11"
	"\xab\x3d\xa7\xb9\xfc\x37\xc2\x4e\xac\x8d\xd0\xe4\x2e\x28\xd4\x3c"
	"\xf2\xd2\xbf\x81\xcd\xfe\x06\x76\x73\x3f\xd6\xf7\xee\xc5\x06\x98"
	"\x03\xcb\x15\xcb\x05\x93\x2d\xca\x22\x17\x6c\x5e\x97\x79\x98\xf8"
	"\xd9\xdf\x40\xcb\xce\xfc\x7b\xe8\x81\x1d\x02\xeb\x47\xa0\xe3\x53"
	"\xf3\xe7\xb4\x6b\x72\x38\xf9\x84\xbf\xd4\x78\x31\x7d\xce\xd7\x4f"
	"\x15\xf8\x26\x5a\x08\xd0\xa3\x93\xb4\x2f\x11\xa4\xe0\x69\x86\x0c"
	"\x15\x1d\x97\x66\x69\x7a\x1f\x6c\xe3\x86\x75\x72\xb7\xe9\xaf\x29"
	"\x15\xcd\x50\xb8\xfb\x1a\x58\x2f\xdc\xc8\x93\xdc\x68\xd0\x3e\xa7"
	"\x9d\x13\xba\x3d\x05\xbe\xe7\x87\x4e\x1c\xd8\x5c\x35\x75\x39\xd0"
	"\xbc\xce\x42\x64\x7c\x68\xf8\xe7\x2c\x17\x6c\xef\x23\x63\x59\x87"
	"\x0a\xc1\x5b\xfc\x98\xe7\x16\x1b\xdd\x07\x86\xbb\xf3\x16\x21\xf4"
	"\x58\xe2\x0e\x84\xb5\xfc\x40\xef\xc8\xb1\x2c\x05\x75\x83\xf6\xa4"
	"\x22\xfd\x9d\xb0\x69\xb1\x71\xa2\x77\xa7\x37\x54\xf0\x93\x13\xb7"
	"\x6f\x9a\x82\xba\x0b\xa7\x15\x95\xfd\xee\xc6\xed\x4f\xf5\xdb\x3b"
	"\x9a\xe5\x28\x76\x81\x1f\xb8\x3f\x8a\x12\xd3\xd9\x74\x90\xbb\xcb"
	"\xd4\xda\x3c\x9c\xd7\x54\x43\x16\xec\x3d\x5f\x98\xdc\xc2\xfa\x7e"
	"\x76\x47\x96\x72\x1b\x1b\x63\x53\xaf\x86\x63\xdc\xf7\x23\x37\xac"
	"\xac\x76\x84\x0f\x8c\xb6\x77\x60\xd5\x0f\x77\x07\xb3\x3e\x39\x55"
	"\x83\xe0\xee\xb7\xa6\x75\xd9\x53\x77\x93\xb3\x63\x8a\x50\x27\x6b"
	"\xf3\x6c\x59\x33\xe0\x31\x77\xf7\x72\x21\xe4\xcc\x1d\xf7\x9e\x7b"
	"\xc6\x55\x7f\x77\x74\x7f\x10\xf7\x41\xcf\xd4\x3d\xc8\xee\x9c\x1e"
	"\xcf\x85\x50\x96\xce\xf7\x8c\x9e\xf1\x40\x9b\xb5\x0d\xa7\xa2\xbc"
	"\xaf\xa6\x54\x04\x77\xcc\xbd\xb2\x13\xd5\x34\xd1\xdc\x83\x94\x2a"
	"\x41\x74\x27\x2e\xbe\x13\xe7\xfe\xae\x3b\x36\x20\x46\x49\x4b\x14"
	"\xa7\x55\x49\x8a\x3b\x60\xfc\xae\xf6\xe6\xc2\xc7\x76\x93\x3a\x8c"
	"\xed\xee\xa9\xdc\xa9\x8b\xbc\x7b\x50\x3b\xb9\x8d\xc1\x89\x92\x35"
	"\x70\x9f\x25\xf1\x1d\x9d\xd1\xf2\x24\xf6\x52\xf7\x64\xfc\xb6\x14"
	"\x49\x10\xb8\xc7\xcb\x5b\xb5\xd5\x76\x77\x5a\x73\x60\xe3\xfa\x7f"
	"\x47\x9e\x07\x08\x08\xa7\xb4\x00\xec\x2c\x5a\x7b\xf3\x59\x83\x2b"
	"\x78\xff\x37\xd0\x02\x39\x8a\xd2\xaa\x4d\x9e\x0b\x7a\x62\x77\xd7"
	"\x65\xd5\xf9\xfa\xe1\x16\xd5\x9d\xb9\xc6\x54\xa9\xba\xf9\x51\x6f"
	"\x39\x13\x1b\x35\xb1\x5c\x56\x1a\x9d\x8b\x47\xe0\x96\x11\x1f\x61"
	"\xc3\x9f\x4e\xff\xc3\xde\x93\x7d\x20\xb0\xf3\xcc\x11\x75\xd8\x8a"
	"\xd6\x12\x39\x6f\xba\x8d\x61\x99\xdc\x3a\x0c\xed\xb9\xc3\x4e\x0e"
	"\x67\x1c\xf8\x76\x3c\xd1\x6d\x87\xb0\xe3\x8d\x38\x45\xf2\xae\xc2"
	"\x8a\x0e\x4b\x3b\xc0\x49\x28\x28\x38\x86\x41\xa7\x19\x2e\x5e\x18"
	"\xc9\x22\xeb\x6b\xef\xdb\x80\x58\xc5\xe0\xca\x53\x96\x2d\x72\xde"
	"\xb2\x40\x09\x5a\x09\xdb\xa1\xfa\x02\x5a\x94\x79\x53\x58\x73\x24"
	"\xf2\xad\x20\x1c\x98\x28\x03\xfb\x75\x0b\x97\x9b\xe1\x09\x69\x03"
	"\xf6\xe2\xcd\xc6\xd6\x13\xd0\xb8\x8c\x58\xf3\x78\x2e\x09\x4a\x6b"
	"\x3d\x22\x72\xe6\x7b\xb6\x52\x80\x58\xac\x82\x9e\x9e\x3a\x0c\xed"
	"\xf0\xd3\xe5\x52\xd0\xd0\x78\xb6\xb7\xc8\x77\x59\x8c\x30\x4e\x4e"
	"\x88\x33\x73\xf7\x26\x80\xd4\x98\x74\x75\x63\xd7\x08\xd2\x3d\x83"
	"\x3f\xba\xab\x37\x8b\xbe\x0a\xad\xdf\x31\x65\x10\x7e\xe8\x64\x6d"
	"\x5c\x12\x62\x8a\xde\x74\xc5\xa9\x42\xad\xc1\x07\x2c\xf7\x72\x1d"
	"\xb1\x7d\x79\x45\xf7\x14\x24\x5e\x7f\xf9\x70\x5c\xc8\x24\xbe\x1b"
	"\x99\x9a\x90\xab\x2b\x40\xb8\xff\xbb\x52\xa2\x69\xee\x17\x44\x59"
	"\x5a\xee\xbc\x68\xf0\x83\xc7\x9d\xc9\xc8\x61\x01\xd9\x85\xda\x8e"
	"\x7c\x8e\xfc\x91\xf3\x10\x3b\x3d\xe1\x8c\xfa\xa1\x87\xb0\xb0\xd1"
	"\xdb\xdd\x9c\x7e\x03\xad\xce\x5d\xdb\x8e\xd6\x86\xb1\x49\xfb\x61"
	"\x2b\x5a\xa3\x13\xd7\xfc\xd4\xb4\x27\x1a\xf6\xbb\x30\xf0\x32\xcd"
	"\xe8\x73\x7b\x1c\x4a\x91\xea\x2a\x98\xba\x1b\x3d\xbc\x7c\x7f\xaf"
	"\x42\x18\xd0\xdf\x9a\x87\x0b\xc5\xf9\xfc\xc6\x9d\x7e\xc3\xa7\x12"
	"\xe0\x5f\x94\x39\x69\x44\x40\x2c\xca\x23\xc6\x09\xad\x10\x6d\x2e"
	"\xd7\x34\xd3\xe1\xc8\x28\xae\xe8\x56\x8a\x6f\x8b\xee\xc8\xd9\x56"
	"\xec\xc8\x5e\xd6\x22\x16\x25\x53\xc9\x3c\x60\x18\xbf\xe8\x94\x4d"
	"\x97\x3b\xf2\x20\xed\xd6\x0e\x18\x6f\x40\x39\x16\x80\x05\x55\x71"
	"\xf7\x84\x95\xc6\x60\x21\xf9\x87\x97\xef\x2f\xef\x7e\xbe\x7e\x5f"
	"\xc4\x0a\xba\xa8\x00\xba\x8b\xd1\x93\x31\x46\x4a\x4d\xfb\x4d\x36"
	"\xb4\x42\xf7\x96\x1d\x0d\x7e\x55\x32\xfa\x32\x04\x8e\x42\xeb\x31"
	"\x7c\x27\xc2\xda\x58\x37\x6f\x1b\x8c\xa4\x62\xd8\x73\x44\xd3\x81"
	"\x20\x86\x52\x05\x36\x86\x45\xad\x0a\xa9\xaf\xa8\xa0\x90\x10\x99"
	"\x53\x0f\x8c\xf9\xb4\x8a\xad\x35\xd2\xf4\xbf\x7e\xff\xf8\xf2\xe9"
	"\x96\x1b\x70\x7a\x03\x15\xc2\x6d\x45\x2e\x34\x89\xb2\x40\x5f\xc0"
	"\x55\x76\xf5\xd7\x2f\xff\x52\x82\x1f\x63\xbe\x8a\xa7\xd0\xc0\xaf"
	"\x39\xe5\x01\xe3\x7d\x68\x2b\xcf\xf7\x6c\xcd\x38\xa3\x7c\x1b\xea"
	"\x52\x55\x15\x52\x10\x3c\x08\xc1\xc0\xd8\xf6\x00\x04\xbe\x45\x59"
	"\x9d\x97\x90\xde\x06\x81\x40\xf0\xd5\x6a\x3b\xa7\x23\x74\xa6\xcf"
	"\x45\xe2\x30\x11\x58\x1a\x1a\xf7\x0d\xd2\xf9\x97\x7a\x71\x86\x97"
	"\x07\xf1\xde\xf7\x65\x4d\x6f\xca\xbc\x08\x2c\xe5\x02\xe4\xc0\x1d"
	"\x45\x0f\x67\x2a\x0e\x72\x3d\xa9\x76\x83\x0a\x0f\x8c\xf9\x2c\x4c"
	"\x4f\xf0\x3c\xaf\x11\x8f\xca\x19\xe1\x27\x94\xa7\xbd\xb5\xa1\xa7"
	"\x49\xea\x8d\x20\x40\x83\x2a\xee\x80\xba\x60\x74\xd7\x27\x7d\x62"
	"\x1d\x00\x93\xbf\x66\xcb\x9d\x99\xc9\xc9\xcf\x26\xee\xda\xc0\x26"
	"\xde\xf1\x6a\xa8\x5a\x57\x19\xf2\x57\xd9\xab\x78\xb9\x74\x4f\x73"
	"\xf9\x89\x77\x36\x34\x58\x23\x61\x01\x30\xe5\xdc\x37\xa8\xa5\xcf"
	"\xac\x37\x1e\x9e\xf2\xa1\xc8\x11\xc6\xd8\x96\x81\x66\x5f\x17\x95"
	"\xd1\xb1\xfd\x70\x96\x8b\x4d\x5d\xe8\xbe\x13\x73\xa2\x0a\x14\x25"
	"\x27\x71\x2c\xcc\xdf\x15\x68\x1e\xe2\x9a\x7c\x9a\x86\x17\xb1\x9f"
	"\x67\xe9\x2d\x65\x20\xd8\x21\x80\x4b\xf8\xcd\x94\x35\xb1\x88\xbf"
	"\x33\x2c\x14\x8b\xf0\x33\x67\x5b\x4c\x61\x91\xcb\xff\x5a\x86\x84"
	"\x13\x7e\x42\x17\x7d\x39\xba\xaa\xe7\x55\x17\x4d\x54\xae\x2f\x7f"
	"\x3c\xf0\xb5\x49\x5e\x41\x09\xd0\xf6\x91\x85\xbb\x8e\x4a\x52\x11"
	"\xfc\x34\x63\x09\x48\xde\x9d\x8b\x61\xdb\xd1\x62\x0f\xf3\x4c\x31"
	"\x47\x1d\x05\x8a\x9d\x82\x3d\xc8\xe6\xb8\x2d\x40\xc5\x29\x65\xd0"
	"\x54\x1a\x5a\x66\xf6\xb0\x7d\x6e\x09\xe7\xc8\x23\x50\x89\x11\xb0"
	"\x30\xe6\x90\xfd\xb3\x23\x5c\xe4\x4f\x6d\xa1\xa7\x92\x82\xb7\x5d"
	"\x9b\xeb\x89\x5d\xb1\xdd\x5f\x6f\xfc\x2e\x83\xa5\x3b\x71\xa1\xe2"
	"\xa3\xcc\xe1\xac\x47\xbb\xb4\x20\x37\x18\x2c\x2e\x23\x15\xcb\x1f"
	"\x83\xb2\x5d\xa1\xf5\xae\xd1\x93\xe1\x00\x8e\x88\x55\x9a\x6c\x54"
	"\x2d\xd6\x2a\x24\x32\xe5\x34\x39\x92\x2d\xfc\xfa\xf4\xf3\xe3\xb7"
	"\x4f\xaf\x7f\xca\xe1\x01\x85\xe7\x1f\x3e\x7e\x33\x2d\x6b\xf0\x18"
	"\xe9\xb6\xa3\x1a\x23\x33\x95\x7a\x74\x8d\x50\x1a\x4d\x25\x58\xf6"
	"\x4e\x33\x80\x9d\x7a\x2b\xa2\x12\x79\x14\x22\xa7\xa4\x17\x4c\x9b"
	"\x93\x4d\x1c\xf9\x77\x60\xfe\xb4\x63\x68\x9d\x8b\xae\xb2\x62\x30"
	"\x5a\x0d\x90\x17\xe5\xbd\xb9\xb0\xaa\xcf\xdb\xca\x64\x48\x07\x88"
	"\x29\xd8\x38\x68\x3a\x7a\xaf\x91\x6a\xdf\x6c\xaf\x91\xdf\xa1\xb7"
	"\x66\x55\x1d\xc2\x7f\x5d\x7b\x6d\xfa\xfa\x1f\x38\x83\xf4\x0f\x10"
	"\xfe\xeb\x1a\xcf\xd7\x64\x79\x3b\x66\x4f\xfd\x38\x8c\xd1\x9a\x2b"
	"\x79\x12\xda\xe5\xbd\x45\xce\x8a\x34\x4e\x6c\x62\x20\xfd\x45\xe5"
	"\x14\xbb\x9b\x50\x42\x8e\x1d\x45\x49\x61\x4b\x69\x1f\xa1\xd2\x5a"
	"\x1d\x18\x06\xa8\x9c\x53\x1e\xc7\x9b\xd8\x26\x4f\x90\xfd\xdd\x24"
	"\xde\x24\xf8\x20\x7f\x42\xa2\x3c\x4c\xb2\xd5\x0d\xde\x75\x8a\xf8"
	"\xeb\xc7\xcf\xd7\xcf\x0f\xff\x81\xf8\xd5\x63\x6f\x3e\xfc\xe3\xb3"
	"\xec\xe6\x4f\x7f\x3d\xbc\x7e\xfe\xcf\xeb\xfb\xf7\xaf\xef\x1f\x7e"
	"\x9b\x50\xff\x92\x8a\xeb\x3b\xf9\x55\xff\x73\xdd\xe1\x13\xad\x2f"
	"\x5a\x7e\x0e\x84\x32\xd6\x8f\xb8\x28\x39\xdd\xd7\xe0\xf5\x63\x0c"
	"\x10\x83\x62\x11\xef\x2b\x80\x95\xac\x7c\xc2\x3b\xc3\x5a\x9b\xba"
	"\x61\xa4\xa0\x47\x54\xde\xe0\x36\x91\x6a\x98\xe4\xc4\xfd\x16\x6d"
	"\x4f\xac\xd5\x7f\x3c\xb5\xc8\x67\xad\x48\xd7\x26\xe5\x55\x7b\xa4"
	"\x3b\x86\xbd\x65\xf8\x30\x81\xd0\xc4\x83\x78\x62\xe1\xc1\x9f\x1f"
	"\xb5\xbc\x5b\x7b\xfd\x3f\xa5\x3a\xf0\x45\xee\x62\x24\xe6\xb7\x71"
	"\x96\x78\x79\xff\xf2\xed\x27\x3e\x3b\x14\xb4\x01\x8f\x82\x53\x80"
	"\x57\x66\x0a\x02\x2d\x77\xea\xd8\x6d\x95\x7a\xdd\x66\xdb\x88\xdd"
	"\xe9\xed\xdb\xa1\xe1\x74\x87\xbf\x19\x69\xf8\x20\x37\x76\x38\x80"
	"\xd6\xcf\x6b\x7f\x57\x55\xe9\xe6\xe7\x87\x71\x2d\x9b\x5e\x6c\xf1"
	"\x91\xac\x5f\x0a\x96\x67\xcb\x68\xe3\xe2\xb4\xc5\x85\x15\x79\x2a"
	"\x2d\xa3\x1d\x82\x8c\xe0\xf1\x70\x67\x08\x4c\xea\x0e\xc8\xd6\x68"
	"\xaf\xc5\x5b\x6d\x24\x41\xd0\x39\xcc\x6b\x08\x64\x8c\x70\x71\x55"
	"\x33\xe0\x06\x87\xbd\xfc\x80\xfe\xce\xaf\x0b\x43\x71\xdb\x4a\x2a"
	"\x96\x9d\xda\x73\x98\xf5\x71\x10\xf7\x63\xc8\xbb\x91\x80\x11\x85"
	"\xd9\x48\xae\x40\x6e\x9b\x8d\xc6\x97\xbb\xcc\x1f\x28\x04\x9d\x1d"
	"\x40\x08\xfb\x10\x34\xc2\xa7\x94\x37\xe3\x90\x42\xe5\x72\x97\x1e"
	"\x04\xb8\xb4\x27\x98\x2f\xd9\x55\x8c\xce\x1c\x00\xb9\x90\xfb\xa0"
	"\x00\xf3\xd4\xa2\x24\xa6\xa9\x05\x04\x72\xf7\x99\xc9\xe5\xc9\xc3"
	"\xeb\x6d\x9d\x40\x00\xd0\x83\x4b\x32\x2e\xbd\x99\x5e\x34\xf1\xdb"
	"\xe7\xfa\x91\xb5\xc3\xfe\x71\xd5\xf0\xf3\x18\x6c\xbf\x7f\xfd\xf9"
	"\xf5\xdd\xd7\x4f\xd3\x60\x5c\x9e\xd2\xb4\x6a\x54\xad\xdc\x46\x20"
	"\x15\x62\x98\x43\xe4\xf6\x9b\xe0\xbf\xfa\x8b\x55\x65\x12\xf4\x1e"
	"\x2a\xc7\x3f\x5f\x35\xd8\x46\xe6\x09\x63\x7b\xb3\xe5\xf1\x03\xec"
	"\x18\x61\x16\x69\x81\xa7\x42\xea\xc7\x16\xd1\xf8\x79\xae\x00\x72"
	"\x7e\x1f\x2f\x28\x16\x44\x41\x0c\x78\x78\xc6\xc7\x50\xf1\xd6\x21"
	"\xaf\x50\x39\xaf\x28\x5b\x11\xd5\x4d\x49\xaa\xb6\x6b\xe5\xd5\x00"
	"\xa9\xf7\xda\xf1\xdb\x01\x89\xd9\xd5\xb6\xb7\xbb\xbf\x56\xb4\x0f"
	"\xef\x3e\x7d\x7d\xf7\x7f\xa6\x2d\x86\x14\x0e\x7e\x9c\x65\x43\xbe"
	"\x76\x54\x5b\xfa\x98\x8d\xf4\x72\x0f\xe0\x18\x55\x97\xe2\xdc\x74"
	"\x8a\x2f\x4b\xed\xbe\xb9\x20\xac\x85\x23\x9b\x85\xb3\xd9\xcb\xfb"
	"\xf7\x1f\xc1\x05\x4d\xae\x75\xaa\xe0\x1f\xff\xbe\x8e\xb1\x49\x57"
	"\xbf\x4c\x8a\xed\xc7\x2f\x0b\x35\xf9\x87\x86\x63\x4b\x9a\x19\x78"
	"\x4e\xfe\x75\x4d\x80\xe0\x05\x1d\x10\xf6\xcf\x82\xc5\x26\x19\xa6"
	"\x70\xdb\xae\x60\x92\x81\x02\x6c\x95\xb3\xbc\x0d\x42\x8e\xd8\x5d"
	"\x5e\x40\x5c\xbe\x3e\xc2\xf8\x38\x43\x7a\x39\x3e\x4c\x2e\x61\x73"
	"\x41\x5c\x8f\xc6\x7d\xa9\x5f\xfb\x98\x79\x49\x64\x7f\x07\xc0\x64"
	"\x76\x0c\x6d\x1f\x23\xcf\xdf\xb8\x30\x68\x59\xbb\x8e\xec\x81\x8c"
	"\xbe\x9c\xbc\x8a\x48\x51\x74\x40\x68\xa3\x6c\xd9\xdd\xb9\xa6\xf6"
	"\xda\xc9\x97\xcf\x12\xe4\xe4\x6c\x89\xd9\xb8\x30\x40\x08\xe5\xc7"
	"\xce\x7c\xfa\x3b\xea\xb3\x41\xfc\xa1\x34\xcc\xe6\x8e\x7c\x36\x89"
	"\xa5\xdb\xd5\x2a\xa2\x26\x25\x98\x3a\x4c\x23\x60\x44\xf0\xed\x88"
	"\xb0\x64\xc5\xd9\x44\x25\x76\x3b\xf8\x0a\xc6\x88\xec\x36\xc7\x10"
	"\x2d\x18\x3f\x74\xf4\xe8\x40\xb1\x04\x33\x30\x98\xc7\xa3\xc0\x22"
	"\x25\x5d\x10\xa2\xa3\xf5\x11\xb1\xa4\xb8\x56\xa7\x6f\x3b\x42\x3b"
	"\x57\xad\x2b\x44\xbd\xd0\xc6\x04\x72\x4d\xb8\x78\x75\xd7\xf0\x93"
	"\x90\x28\xd8\x98\x48\xd7\xe1\x7b\xd0\xf8\x19\x9a\xdd\xc5\x25\x4f"
	"\x47\x40\x88\xfa\x35\x03\xfa\x38\x53\xad\x75\xa8\xc5\x73\x63\x34"
	"\xcc\xf9\xe0\xe8\xf5\xf3\xd7\xef\x7f\x3d\x7c\x7e\xf9\xf6\x4d\x6e"
	"\x36\xd5\x63\x06\x2d\x5b\x3d\x97\x46\xfd\xc8\x4a\x6a\xbe\xe0\x6a"
	"\xe7\x7b\x3a\x5c\x5e\x9c\x49\xbb\xc5\xc5\x3b\x01\xff\xc3\x2e\x5b"
	"\x14\x64\x9e\xa3\x6d\x5b\xbc\x11\xd9\xa1\x8a\xa4\x92\x33\xb9\x3a"
	"\x9d\x5a\x5c\x2e\x35\xc5\xc4\xc7\xc5\xb2\x15\x73\xc4\xe2\x45\xc9"
	"\x7b\xa8\xa9\x45\x6c\xde\xd1\xc1\xa9\x80\xaa\xf6\xeb\x9f\xdf\xe4"
	"\xda\x68\xea\x06\x9b\x47\xea\x04\xa8\x2d\xaf\xa5\x7c\x1c\x3d\xcf"
	"\x01\x40\xa2\xeb\x8c\x0d\x03\xa7\x70\xa1\x15\x00\xe6\x14\x16\xc0"
	"\xed\xda\xa5\xcb\x45\x4b\xf3\x20\xf3\x6f\x6f\xef\xd8\xae\xb8\x6d"
	"\x9e\xe9\x98\x8c\xba\x1a\x6e\x2b\x30\x32\x88\xa9\xd6\x74\x50\x71"
	"\x70\x90\x69\x7a\xb4\xdc\x28\xf2\x30\xf0\x7b\xa3\x16\xec\x28\x5e"
	"\x7e\x3e\x3e\xb2\x16\x2e\x3a\xc6\x32\xe2\x58\x1e\x86\x59\x66\xe9"
	"\xb9\x96\xf2\x06\x09\xa6\x3c\x8e\xb9\x8e\xf8\x91\x77\x6b\x29\x00"
	"\xdb\x6f\x73\xab\xee\x81\x1b\x81\xd3\x6e\x77\xd1\xa8\xf4\xd7\x52"
	"\x1c\x0b\x20\x35\x52\x17\x98\x5f\x65\x34\xc7\x22\x4f\xa6\xcd\xf0"
	"\x28\xbb\x78\x78\xaf\x1e\x51\xc9\x23\x5d\x95\xd8\x5a\xb2\x1e\x71"
	"\xe8\xb7\xbf\x06\xc1\x9f\x02\xbb\xd6\x5a\x82\x2b\x91\x07\x9b\x38"
	"\xb0\x57\x7b\x15\x3d\x59\x2d\xb5\x05\xdc\x0d\x80\x67\x50\x89\xbd"
	"\x94\xa1\x0a\x06\x94\x9a\x51\x16\xea\xeb\x42\x34\x4e\x46\x58\xf6"
	"\xa3\x74\x4c\x6a\x76\x3b\x2c\x6e\x16\x60\xba\x52\x05\x7b\x87\xca"
	"\xa2\xb5\x01\x56\x8d\xea\xf9\xb6\xb0\x31\xdd\x42\x99\xd1\x02\x5f"
	"\x32\x40\xd1\xe8\x8b\x30\xb3\x93\x22\x1f\xb6\x44\xc8\x85\xe4\x19"
	"\x21\xb9\xe5\xc2\x92\xcd\xf4\xe8\x50\xf0\x20\x45\x3e\x16\x0d\xe2"
	"\xbb\x21\x81\x15\x52\x95\xfb\x66\x28\x9f\x42\x2b\x88\x6f\x11\x8e"
	"\x91\x03\x84\x09\xed\x50\xf9\xe5\xf9\xed\x63\x80\xc6\x82\xbf\x60"
	"\xc0\xf4\x3f\xf5\x22\xef\x1e\x50\x60\xad\x0d\xe5\x2d\x80\xac\x18"
	"\x99\x51\xb6\xf1\x42\x2b\xa6\x6a\xb3\x14\x71\xa9\xb8\x40\xd0\xef"
	"\xf4\x5a\x8e\x8a\xed\x6b\x2f\x47\xe4\x61\x12\xfb\x56\xcc\xe8\x2f"
	"\xa8\xb8\xd5\x7a\x3f\x4a\x90\x2b\x8c\x0b\x7a\xd4\x91\xd9\x76\x6b"
	"\x45\xc9\x5e\x89\xfc\xb8\x77\x63\x30\x1e\x9b\x05\x26\x88\x53\x27"
	"\x26\x45\xee\x75\x16\x98\x38\x73\x94\x25\x5f\x2a\x8c\x52\xeb\x18"
	"\xd9\x93\xd3\xbe\x1c\xe7\xbb\xc8\xfe\x79\x74\x22\xf6\x42\xfb\x18"
	"\xe8\xc4\x26\x8a\x63\x13\x5f\xcd\x65\xb0\x15\xa2\xdd\x04\x41\x70"
	"\xd1\x48\x1f\x7f\xbd\x7c\x7a\xf7\xf5\xf3\xe7\x07\xf1\xfa\xee\xc3"
	"\x97\xaf\x9f\xbe\xfe\xf1\xf1\xf5\xc7\xff\x3e\xd0\x2f\xef\xfe\xad"
	"\x8c\xa5\xfe\x78\xfd\xae\x8e\x0d\x76\xbf\x5e\x3f\x3d\xec\x5f\x7e"
	"\xfd\xf1\x6a\x3a\x85\x50\xa6\xbf\x3b\x35\xab\x98\xf8\x26\x17\xe2"
	"\x48\x23\x5e\x82\xf4\x47\xe4\x78\x93\x6d\xfd\x30\xf6\x47\x27\x89"
	"\xb1\xf2\xc6\xb8\x18\x80\x8a\xc7\x93\xa9\x0b\xee\xa6\x08\x89\x0a"
	"\xb0\x6a\x49\x59\xac\x47\xd5\x90\x39\x66\xbd\xa9\xcc\x55\xbd\xeb"
	"\xe6\xa9\xc1\x72\x55\xc2\xdb\x7c\x37\xde\x94\xef\xd0\x9e\x10\x67"
	"\x7e\x03\x6e\x68\xf9\xb3\x05\x9b\x59\xeb\x0a\x23\x30\xce\x2c\x4d"
	"\x08\x57\xf6\x2d\xc4\x6c\xae\x4b\x88\x2d\xc0\x35\x03\x0a\xb6\x0a"
	"\x24\x07\x09\xc3\x13\x12\x0f\x7b\x94\x4e\xa7\xf8\xab\x53\xd9\xd1"
	"\x1c\xec\xe5\xa7\xdc\xec\x98\xb6\x3c\x17\xa3\x50\x52\xa4\x21\xe2"
	"\xff\xb4\x80\x44\xf7\x40\x32\x07\x84\x81\x1f\xe5\x1d\x98\xf8\x0e"
	"\x4c\x72\x07\x66\xe3\xc6\x84\xce\xfa\x6c\x82\xc8\x73\x60\x84\x6c"
	"\x41\x37\x26\xba\x0b\xe3\xbb\x31\x49\xe0\xc6\xa4\x77\x94\x95\x3a"
	"\xda\x99\xe7\x69\xe2\xea\x2f\xde\x96\x88\x55\xff\x0c\x11\x7d\x6b"
	"\xcf\xa4\xe0\x49\xe0\x39\x10\xbe\xab\x26\x34\x3e\x82\x99\xa2\x15"
	"\xb3\x4b\xfd\xcc\x8b\x77\x4e\x4c\x16\xec\xf6\x0e\x50\x1c\xa6\x31"
	"\xb7\x62\xf6\x55\xec\x67\xa8\x11\xe1\x8c\x09\x3c\x17\x26\x4d\x3c"
	"\xe2\x42\xd8\x47\xc4\x78\xf6\x80\xb8\x75\x5e\x40\x07\x7a\x48\x30"
	"\x0b\xf0\xb9\x91\x21\x2a\xcb\x19\xa3\x7e\x9d\x51\x22\x4b\xad\x80"
	"\x37\x79\x64\xaf\xb0\xd4\x7e\x3b\x3f\x70\x0c\x8a\x8a\xd6\x25\x41"
	"\x6c\x7b\x66\x8c\x5a\xe3\x63\x37\x66\xe3\xb9\x30\x52\x11\xf2\x9d"
	"\x98\xc0\x8f\xdd\x98\x20\x70\x63\xa2\x3b\xf2\x49\xbc\x3b\x30\xf6"
	"\x3a\x2b\x6f\x5a\xdf\x8d\x49\xbc\x24\x76\x83\xfc\x8d\x1b\x93\x64"
	"\x4e\xcc\x26\x75\x41\x42\x3f\x75\x34\xa2\x04\x25\x49\xb8\x71\x63"
	"\xa2\x3b\xf2\x89\x3d\x37\xe6\xae\x4a\x3b\x46\x19\xcb\xdb\xd0\xb5"
	"\x42\x8a\x1c\xf3\x57\xbc\xce\xed\x39\x6a\xc7\x3b\x8d\x0c\x86\xd8"
	"\x47\x5d\x01\x8e\xf5\x43\x02\x9c\x39\xc4\x2e\x40\xea\x02\x64\x0e"
	"\x40\xe6\xaa\x64\xe6\xaa\x64\xe6\xaa\x64\xe6\xaa\xa4\x6b\xe2\x90"
	"\xfa\x83\x0b\xe0\xaa\xe4\x26\x0e\xc2\xc8\x8d\x89\xfc\x3b\x30\xf6"
	"\xf7\x6d\xf3\x2c\x0d\x1d\xd3\x0a\x60\xa2\xc0\xde\x2c\xb5\x00\x9b"
	"\x9f\xb2\x63\x94\x0b\xd4\x44\x7a\x82\xe6\x42\xce\x09\xa1\x13\x93"
	"\x3a\xc6\x93\xc4\xa4\x99\x17\x38\x31\x1b\x2f\x72\xbc\xde\x2e\x8b"
	"\x37\xc8\xd1\x1e\xc3\xac\xb9\xe7\xa7\xcf\xcc\xb9\xd0\xf2\x83\x70"
	"\xac\x12\x12\xe1\x98\x05\x24\x22\xfc\xd3\x85\xc8\x1d\x79\x58\x2c"
	"\x06\x67\xc5\x8b\x95\x7e\x1a\xda\x3b\xbb\x64\xf9\xfa\xd4\xd5\x84"
	"\x09\x7c\x37\x26\x39\x07\x9e\xa3\xd2\x8c\xe7\x51\xca\xee\x03\x39"
	"\x3e\xbd\x11\xb6\x0d\x1d\x53\x37\xcf\x0f\x71\xd2\xff\x3f\x73\xd7"
	"\xf2\xdc\x38\xce\xdc\xff\x15\x9f\x52\xbb\x95\x4d\x0d\x1f\xe2\xeb"
	"\x90\x03\xf8\x90\xc4\x31\x5f\x43\x40\x34\x3d\x17\x95\x3e\x5b\x33"
	"\xeb\x8a\xc7\x9e\xb2\x3d\xc9\x6e\xfe\xfa\xa0\x41\x4a\x22\x41\x34"
	"\xa0\x2f\x95\x43\x0e\x63\x8f\xd1\x3f\xbc\x1b\x40\x37\xd8\xe8\xee"
	"\x75\x4e\xef\xcf\x50\xc6\x68\xe0\x99\x1a\x57\xfa\xbe\x49\xc3\x49"
	"\x6c\x27\x4c\x43\xa3\x42\x45\x6d\xcb\x36\x15\x45\x83\xd0\x09\xcd"
	"\x98\xc0\x20\xe8\xf3\xc9\x09\x4d\x22\x78\x45\x1c\x2b\x32\x42\x0c"
	"\x87\x13\x87\xb8\x8e\xf1\x10\x0c\xf4\xab\x98\x6d\xcb\xc4\x70\x6a"
	"\xb3\xb2\xb1\x0d\xfb\x85\x80\xb8\x66\x48\x68\x82\xac\x0c\x5c\x0d"
	"\x10\x43\x97\xbb\x9c\xf8\xa1\xaf\x57\x04\x3a\x66\x3b\x06\x61\xae"
	"\x63\x10\x2f\x48\x0b\xb9\x0b\xdd\x20\xb4\x53\x23\x26\xba\x06\xe3"
	"\x5c\x81\x71\xcd\x10\xcf\x04\x29\x82\xd0\x63\xf4\x0a\x94\x5f\x6d"
	"\x4c\x28\xdf\x09\xb6\xeb\x2b\x40\xd9\x1c\x75\xba\xbe\x87\x73\x8f"
	"\x14\x13\x97\x77\x43\x02\x98\x0c\xb7\x9b\xac\x82\x57\x8b\xe3\x87"
	"\x8a\x7d\x9a\x15\xe4\x7e\x5f\xd2\x7f\xb7\x64\xf0\xe9\x1e\x48\x4a"
	"\xae\xd7\xcb\x34\x08\xec\x02\x4e\xf1\xc0\x46\xa0\xa1\x4b\x7a\x9a"
	"\xad\xc9\xae\x80\x27\xb6\x1d\x04\xd7\x6b\xf6\x77\x39\x9d\x7d\xa9"
	"\x51\x01\xd7\x24\x6f\xf9\x19\x82\x99\x31\xaa\xb2\x88\xf0\x47\xb8"
	"\x75\x8b\x2a\xcb\xf8\xad\x0c\xfc\xb1\x13\x4c\x50\x38\xe5\xc3\x5b"
	"\xa5\x00\x6a\xfb\x09\x00\xb0\xf1\xdc\xcb\x86\x9e\x0a\xdc\xa5\x53"
	"\xcb\x81\x05\x7a\x51\xdf\x71\x45\xb4\xcc\x19\xc5\x6a\xd2\xf4\xf1"
	"\x74\x51\xdc\xec\x26\x5c\x33\xf1\xaf\x5e\x83\xf5\xe0\x40\x50\x64"
	"\x4b\xb3\x6e\xdd\x66\x5f\x54\x59\x2f\x2c\xa7\x73\x21\xff\xa5\x6e"
	"\xf3\x2f\xaa\x0a\xc4\x35\x21\x49\x9a\xfc\x26\xaf\x98\xbb\xb2\x7a"
	"\x30\x51\x7b\xfb\xa1\x7a\xa5\x7a\xb1\xc6\x61\x59\xd9\xf0\x6e\x92"
	"\x76\x66\x95\x35\xfd\xe8\x85\x77\xe5\xd4\x5e\x06\x0b\x6c\x71\x4f"
	"\x8e\x57\xce\xf2\x73\xd6\x61\x12\xf6\x69\xd2\x4d\x96\x00\x00\xc0"
	"\x1b\x3c\xb8\xc7\x1f\xd6\xee\x9c\x46\xea\x46\x04\xec\x4a\xea\x1a"
	"\xde\x50\x2e\xc2\xe5\x02\x06\x82\xa5\x99\xe8\x72\xd9\x17\x7f\x0e"
	"\xba\x9c\x71\x32\x98\x3f\xce\x2e\xad\xc1\x72\x51\x10\xf8\xb0\x35"
	"\xbc\x6f\xf0\xe8\x90\xa9\xc6\xec\x54\x02\x38\x37\x18\x5e\xc6\x49"
	"\x7d\x83\x11\x9f\xc7\x5b\x87\x60\xcb\xfd\x3e\x6f\x32\x72\x2b\x35"
	"\x4c\xcd\x1f\x50\xc3\x0e\x04\x20\x22\xa0\x57\x64\xb9\x23\x2c\xd9"
	"\xa6\xb5\xd2\xba\x1b\xdc\x7a\xd6\x94\xe6\x43\xec\xbd\xc1\xaa\xe0"
	"\xf5\xe5\xe9\xe1\xfd\x86\x3e\x3d\x3f\x3d\xbc\xbe\xdc\xc4\x87\x87"
	"\xff\xf8\xf9\x7c\x78\x39\xce\xee\xa9\x95\xb1\xa2\xe2\xa4\x24\xd3"
	"\xe2\xa6\x71\x6f\xc9\xd2\xac\x02\x5e\x8f\x7d\xfb\xf5\xf2\x00\x26"
	"\x96\xcb\x80\xbd\xa7\xa1\x5f\xa7\x0b\xdf\xa0\x90\x46\x12\x16\x46"
	"\x2b\x4f\x7d\xf6\x0a\x00\x75\x03\xe4\xdc\x3d\x91\x91\xeb\x8a\xc1"
	"\xe8\x16\x0c\x5e\x90\xcb\x2e\x91\x9f\x30\x27\x0c\x2c\xdc\x4c\x5f"
	"\x80\x84\xbf\x9b\x75\x91\xf5\xd2\x13\x4b\x05\x6a\x5b\x24\x88\x5b"
	"\x78\xc0\x08\xaf\xd0\x16\x22\xa5\x09\x40\x1a\x79\x81\x5d\xde\x75"
	"\x78\x35\x7d\xe3\x58\xb8\x47\x2e\x31\xd0\x2d\x3c\x9c\x48\xf0\x51"
	"\x49\x49\x64\xb9\x78\x23\x80\xec\x39\xa8\xa9\xfc\x04\xa2\x6b\x85"
	"\x80\x78\x5a\x32\x72\xb7\x7a\x26\xbb\x3a\x32\x66\xf8\x27\xc8\x45"
	"\x85\x17\xcd\x75\x2a\x17\x5c\x00\xe9\xfa\x77\xc2\xe8\x3a\xb8\xcd"
	"\x7d\x2e\x59\x2e\x0c\x21\x2f\x1f\x90\x18\x3c\x88\xa1\x79\xe2\xa2"
	"\x64\x5e\xbc\xf4\x0a\xf0\xe2\x85\xa1\xe1\x64\xe4\x49\x1b\xd0\xb0"
	"\xe7\x6e\xd0\xb2\xcf\xa4\xfa\xba\x4f\xca\x3a\xc5\x62\x85\x73\xcc"
	"\x2d\x3f\x53\x90\xaa\x81\x1c\x86\x4d\x19\x5a\x96\x81\xee\xe9\xe9"
	"\xbe\x85\x33\x99\xf8\x94\xee\x21\x17\x55\x23\x20\x08\x7c\xcd\xda"
	"\x1d\x00\xa1\x6f\x00\x44\xae\x1e\x10\xae\xb4\x80\x30\xb2\x02\x3d"
	"\xdd\xf1\xf4\xf4\xc8\x90\x3f\x0a\x71\x3a\xf3\x5d\x5d\xf6\xac\x5a"
	"\x3b\x76\x5c\xaa\xf9\x2f\xfb\x2a\x5e\xbd\x36\xf8\x3e\xa1\xa5\x76"
	"\xfc\x30\x6b\xc5\x33\x63\x14\xd2\x66\x6c\x87\x12\x9b\x64\xed\xf1"
	"\x25\xac\xfa\x82\x0e\x64\xf1\x5c\x4c\xb2\x32\x86\x74\x21\xf5\xb4"
	"\x4d\x89\x64\x53\x5a\x27\x8b\xb6\x2c\xad\xeb\xe6\x74\x46\xf1\xd7"
	"\x37\x03\x00\xb5\x47\x38\xe7\x97\x1e\x9b\xcd\x01\x89\xc7\xbc\x50"
	"\x53\xc0\x6d\x68\xe1\x33\xdd\x56\x1e\xc3\x1c\x0f\x8b\x7e\x67\x89"
	"\xfe\x90\xa2\xf9\x2a\xf0\x7b\x03\xa6\xf4\x2c\xfc\x2c\xa5\xb7\xf7"
	"\x21\x5f\x92\x8e\x26\x3b\xe2\x4e\x93\xc4\xbd\x67\x19\x0e\x51\xca"
	"\x15\xf1\x0c\x9b\xd4\x85\x09\x1a\xa4\x16\x8d\x1b\x69\xd6\x26\x18"
	"\x08\x85\xf8\x80\x71\x01\xab\x28\x35\xdc\x49\x8a\x12\x09\x88\x08"
	"\x0e\x09\x6d\x0b\x31\xcd\x19\xbc\x15\x62\x6e\x7d\x75\xae\x0c\x45"
	"\xa3\x04\x40\xb3\x65\x0d\x80\xc8\xd2\x03\x1c\x3b\xd0\xf6\x9b\x8f"
	"\x8c\xe6\x78\x1f\x11\x9e\xef\x99\x6a\x09\xf5\x80\xd0\x37\xf4\x34"
	"\xb2\x2d\x13\x40\x2f\x43\x9c\x41\xba\xb3\x9a\x83\xf8\x49\x85\xdc"
	"\xbc\xb0\xbb\x62\x65\xb9\x1a\xde\xe4\x00\xdf\x5a\x19\x98\x17\xe2"
	"\xc4\x05\xae\x1e\x53\x94\xae\xa7\xd9\x3f\x58\xe2\x7a\x61\xa4\x19"
	"\xb0\x52\x73\x58\x77\x7d\xa8\x11\xa5\x48\x9b\x7f\xad\x2b\xa2\x1d"
	"\xc9\x13\x46\x37\x90\x77\x65\xb8\xd2\x1c\xf9\x9c\xec\xda\x7a\x91"
	"\x68\x84\x18\x2a\x71\x3d\xcb\x54\x8a\xf4\x96\x45\xd6\xfd\x66\x51"
	"\x04\xcf\x0a\x21\xf6\xf8\xf5\x82\x58\xe7\x7d\xc6\x47\xb3\x2e\x18"
	"\xd9\x64\xea\x42\x4e\x3a\x2d\xb8\x11\xda\x95\x88\x19\xd2\x05\x0e"
	"\x97\x18\xe2\x0e\x43\x99\x61\x01\x6f\xda\xba\xbf\x3f\x43\xd5\x2d"
	"\x00\x9d\x28\x44\x16\xe7\x04\x95\x7a\x2e\x22\x39\x4c\x40\x15\xff"
	"\xd5\x18\x40\x5c\x96\x76\x90\x85\x2a\x81\x6c\x03\x68\x4d\x2a\xcf"
	"\xf5\x3c\x53\xd3\x51\xbb\xcd\x0b\x24\xa7\x45\xe4\x5a\x9e\x19\xe5"
	"\x3b\x81\x4d\x0c\x30\x21\xc9\x9a\x86\x0a\x4e\x9b\xc0\xbe\x06\xe4"
	"\x18\x41\x61\x80\xbc\x81\x98\x83\x8c\x03\x55\x0c\x9b\xc6\x15\x28"
	"\x3f\xf0\x0d\x28\x90\xb7\xbd\xf0\x0a\x54\xe8\xaf\xa2\x6b\x50\xbe"
	"\x75\x05\x2a\xf2\x9c\x6b\x50\xc8\x17\xef\x09\x8a\x0b\xc2\x46\xf6"
	"\x6b\xd6\xbb\xaf\x19\xe6\xf4\x6c\x02\xeb\xc2\xd0\xf2\xaf\x42\x85"
	"\x57\xa1\x22\x23\xea\xae\x34\x20\xce\x77\x7d\x26\x1c\x98\x63\x92"
	"\xb2\xc6\xfc\xbd\x4a\xc8\x82\xc4\x79\x1c\x6b\x77\xa4\x01\x97\xa4"
	"\xb1\x7a\x33\x12\x64\xa8\x2e\x36\xd4\xc7\x4f\x61\xcf\xf6\x5d\xc7"
	"\x0c\xf3\x1d\xd7\x38\xfa\x83\x1c\xe4\xb8\x57\xc1\x82\xfe\x1a\x98"
	"\x7d\x55\xdb\x3c\x67\x65\x2a\xad\x43\xdf\xf1\x4e\xee\x26\x9b\xd6"
	"\x8c\x70\xcd\x90\x15\xf8\xd0\xa7\xfb\x22\xad\xcd\xd8\xed\xfe\x36"
	"\x46\xc2\x91\x4e\x16\x52\x56\xf2\x03\x26\xd1\xb2\x44\x9b\xad\x37"
	"\x59\xa5\xe6\x07\xe1\x66\x6f\xdd\xcb\x2d\x5a\x96\xd1\x94\x5b\x75"
	"\x09\x54\xa9\xdb\x4d\xe8\x6c\x37\x0d\x2f\x9d\x48\x2e\x06\x79\x42"
	"\x49\x9a\xd9\xdf\xa3\x67\xe3\xb9\x13\xcb\xbc\x55\xba\xfa\x6d\xf7"
	"\x55\x76\xce\x31\x71\xae\xd4\x82\xfe\x86\xa4\xfb\xca\xf4\xcf\x9d"
	"\xba\x1c\x5a\x57\xf7\x6a\x02\xa9\xee\x6b\x35\x65\x4b\xda\x46\x49"
	"\x29\xb9\x60\x71\x1b\xa7\x4a\x5a\x5f\x4e\xf3\x5c\x46\x3a\x19\x6f"
	"\x91\xa9\xba\xff\x67\x0f\x8a\x67\x87\x64\x22\x36\xfb\x29\xe0\xed"
	"\xcc\x2b\xd8\x8f\xe3\xe3\xd3\xe1\xe6\xe1\xf5\x4d\x11\x43\x75\xc8"
	"\x95\x90\x12\xbc\x11\x5e\x32\x5f\x24\x39\x41\x1f\xc2\xd6\xed\x59"
	"\x77\x82\xa8\x54\x40\x81\x04\xb7\x7f\x0c\x3e\x54\x74\x78\x69\x2d"
	"\x81\x47\x76\xa6\x92\x68\xda\xe2\x45\x24\x7c\xfa\x4d\x05\xa8\xfd"
	"\x04\xcb\xb4\x7d\xda\xa9\xb6\xd6\x2e\x4f\x33\x98\xe6\x89\xc3\xb5"
	"\x21\xa9\x5b\x15\x5c\x91\xd9\xc5\xe0\xba\x90\x34\xb9\x8a\x2c\xa7"
	"\x91\xb4\x93\x7d\x46\x0c\x84\x41\x90\x2d\xf3\x0a\x96\x1a\xa9\x36"
	"\xd9\xe4\xcb\x8c\xa8\x87\xaf\x73\x07\xd6\xfa\xb2\x1d\xf1\x6e\xed"
	"\x48\x6b\xea\x92\xce\xb3\xd4\xd3\x0f\x9d\x17\x4a\x57\x2e\x62\x3b"
	"\x8b\x8a\x4e\xbe\x38\x54\x5f\xd1\xba\x58\xaa\x08\x52\xaa\xf9\x03"
	"\x3d\xc6\xe0\xf1\x64\x96\x71\xc9\xb8\x44\xca\x00\xd7\xfb\x24\x25"
	"\x0d\x83\x35\x6e\xfb\x93\xf7\xca\x9c\x38\xfa\xe9\x18\xc6\x42\xbd"
	"\xfb\x09\x98\x70\xcd\x46\xb3\x04\x3e\xd9\xf1\x46\x0f\xa1\x93\xd1"
	"\xc8\x4d\x71\x5b\x93\x34\x21\x94\x41\x74\xe1\x98\xed\x3f\x93\x86"
	"\x2c\x83\x0c\x97\x62\x79\x2c\x3f\x76\x08\x46\x81\xa7\x1e\xd2\x9a"
	"\xba\x3b\xfe\xe3\xe1\xf0\x63\xe9\xac\x17\xa0\xc3\xbc\x26\xc5\xcc"
	"\xcf\xa0\x44\x90\x42\xe9\x4e\x40\x1b\xda\x24\x64\x1a\x33\x0c\x12"
	"\x4b\x0f\xf3\xfb\x22\xda\xc6\x3a\xcb\x47\x3e\x45\x88\x22\x8b\x10"
	"\x39\xa6\xcf\x15\xee\xe3\xac\xfa\x62\x80\x08\xb7\x9e\x26\x4c\x93"
	"\x13\xdb\x80\x49\x59\x42\xb1\xfb\xb9\x0b\x2a\x63\x75\x49\x0d\x98"
	"\x75\x5e\x65\x4d\x6e\x6a\xd3\xe7\x0c\x5e\x59\x7f\x36\xa1\x0a\x08"
	"\x24\x12\x27\xa9\x01\x77\xcb\xeb\x44\x42\x54\x4e\x40\x75\x95\x27"
	"\xc4\x00\x2a\x49\x6b\xea\x60\xd9\x46\xf0\x6a\xc2\x54\x52\x75\x17"
	"\x5a\xa6\x51\xa8\x3b\x0f\xb1\x3c\x9e\x61\x10\x1b\x4a\x09\xb3\x37"
	"\x95\xc4\xf5\x68\x07\xb9\x6d\x9f\x81\x02\x57\xc3\xd7\x13\x94\x6d"
	"\x62\x2a\x9a\x61\xe6\x43\x13\x4c\x15\xf1\x56\x21\x76\x5e\x32\xcc"
	"\x34\x9e\x5c\x38\xc8\xfb\xf8\x1a\x90\x89\xf3\xe0\x87\x67\x59\x57"
	"\xa1\xec\xab\x50\xde\x55\x28\xff\x2a\x54\x78\x0d\xca\xbf\xa6\x5d"
	"\xb6\x67\x1e\xfa\x2f\x91\xb9\xf1\x80\x49\xcc\x20\xd7\x3c\x85\xec"
	"\xd6\xb2\x57\x66\x90\x6d\xbb\xc6\x46\xc1\x16\x1c\x1a\xe7\x70\x57"
	"\x35\xc5\xce\xb4\xe8\x99\x6f\x9b\x36\x47\x56\x63\xe1\xe0\xa6\x98"
	"\x1d\x84\x22\x35\xa1\xba\xd0\x73\x4d\x4b\xb0\x4b\x2c\xcc\x17\xc4"
	"\x04\xc4\x77\xbc\xd2\x80\xe9\xf3\x56\xc4\x27\x4f\x72\xd3\x0e\xfa"
	"\x35\x71\x35\x27\x5a\x73\xa7\x66\x80\xf1\x84\xe5\x87\x10\xde\xa5"
	"\xaf\xad\xeb\xaf\x34\x65\xf3\x09\xbf\xcb\x62\x5d\x5f\xa8\xe3\x20"
	"\x17\x3e\x43\xfd\x1c\xc3\xba\xa5\xa9\xd0\xcb\xe1\xf9\xf5\xfb\xa7"
	"\xc7\xa7\xef\x4f\x1f\x87\xe7\x1b\x8e\x80\x6f\x50\x0a\x2f\xce\xa3"
	"\xc0\xb8\xb3\x30\x93\xd4\xb1\x97\xbd\xe3\x62\x21\xb1\x07\x04\x2b"
	"\x7d\x29\xe4\xc7\xe8\xb5\xd9\xd4\x02\x10\xb3\xb0\x0f\x64\x23\x0d"
	"\x73\xb5\x08\x64\xc6\x00\x10\xef\xd2\x0d\xe2\x8b\xe7\x02\x4a\x11"
	"\xe3\x06\x5a\x8a\xb8\xda\x10\x15\x04\x2d\x21\x76\x12\x67\xb4\xe5"
	"\x68\xb4\xcd\x25\x54\xb2\x61\x9d\x88\x70\x7f\xc0\x30\xfc\x76\x98"
	"\xcd\xcd\xef\xfa\x99\xe1\xf2\xb8\xe4\x42\x64\x34\xd3\xf9\xf6\x21"
	"\xdc\xf7\x3e\x1e\xbf\x3d\xbd\x1c\x1f\x6f\xde\x0e\x8f\x4f\xaf\x52"
	"\x51\x13\x2e\x22\x79\x4b\x9b\xfb\xb9\xf0\xb7\xe5\xe2\x77\xbb\x9e"
	"\xa7\x95\x34\x77\xf8\xf1\xb0\xd4\x5f\x40\xda\xc6\xf5\x1f\x2e\xd2"
	"\x9f\xdd\xe3\x8c\xa6\x4f\x33\xb5\x7a\x64\x22\xb2\xce\xf6\x49\x92"
	"\xeb\x96\x13\xe6\xd7\x79\xa0\x8a\xfb\x2e\xbe\x5a\x90\xfb\x0a\x30"
	"\xbc\x1a\x34\x4b\x4d\x19\x88\x1b\x1c\xdd\x1b\x70\xf0\xbb\x9e\x1c"
	"\x7e\x1c\xdf\x0e\x7c\x61\x3d\xde\x74\x4f\x8f\xc7\xd7\xa9\xc3\x41"
	"\x2e\xa3\xb5\x27\x9d\x56\xb6\x1c\x23\xb9\xba\xad\xc2\x65\x1e\xde"
	"\x56\x4e\x8e\x0d\x74\xe8\x4f\xb2\x77\x7b\xa1\x50\xa9\x94\xd2\x13"
	"\x64\xae\x22\x9e\x93\x37\xe0\x23\x1d\xb4\x9f\x39\x8d\xa6\x99\x88"
	"\x16\x34\xf3\xfd\x27\x11\xb8\x2e\xc1\x40\x3f\x97\x94\x4c\xe1\xe3"
	"\xaf\xd9\xcd\x7c\x43\x81\x22\xd6\x7c\xf9\xa7\x86\x3b\x3d\xfe\xf8"
	"\xf5\xd7\xc9\x26\xec\xe1\xf5\xe5\xdb\xd3\xf7\x49\x84\x12\xda\x34"
	"\x53\x8d\x05\x58\xef\xac\xb5\x0e\x9c\xa7\x9e\x7c\x8e\x13\x7e\x3c"
	"\x74\x20\x68\xad\xcc\xc7\xff\x17\x9c\xf2\xbf\xec\xf2\x85\xb1\xd3"
	"\xf6\xff\x53\xbb\x86\x2d\x68\xb8\xd9\xe1\x7b\x4f\x59\x26\x9f\x28"
	"\x18\x0d\x8d\x9e\x80\xe7\x8f\xda\xf9\xe6\x0a\x44\x74\x77\x4d\xee"
	"\x1b\xe1\x85\x6f\x9d\xb7\xa5\xec\xa4\x75\xa2\x2e\x1f\x5e\x1e\x9e"
	"\x9e\x9f\x0f\x6f\x7f\x5f\xfc\x56\x7f\xfc\x7a\xe1\xbf\xff\xe0\xc8"
	"\x97\xf7\x57\xf8\xcf\x93\xf3\xc0\xff\xfa\xf9\xf4\xc7\xcd\xb7\xb7"
	"\xd7\x97\x8f\xe3\xcb\xe3\xfb\xcc\x77\xf5\xe9\xc6\x2a\xe6\x6d\x11"
	"\x6e\xd2\x69\x56\x48\xfa\xd5\xfc\x16\x8a\x31\x32\x0d\xed\x3d\x6c"
	"\x20\x79\x3b\xfa\xd5\x3f\xbb\xcf\xca\x5e\x1e\x5e\x1f\x45\x53\x1e"
	"\x8f\xa7\xff\x8d\x8d\x12\x7e\x23\x5e\x85\x63\xe1\x3f\x8f\xcf\x3f"
	"\xf9\x2f\xf0\xa8\x7d\xf6\x76\x44\x7e\xc1\xb6\x7d\xc9\xf5\xf3\xed"
	"\x95\xef\xdd\xe7\x8c\x3f\x9e\xfe\x92\x86\x73\x3c\x6c\x3b\xb2\xc3"
	"\xac\xb4\x46\x44\x4a\x82\x15\x22\x6b\x9d\x11\x51\x88\x3c\xa4\x1f"
	"\x11\x19\xf1\x57\xb6\x97\x98\x20\x8e\xae\x90\x92\x36\x2e\xf6\x79"
	"\x78\x3c\x16\xa8\xeb\x5a\x5a\xe1\x83\x72\x2d\xd0\x33\x00\x0a\xd7"
	"\xd1\xed\xfa\xac\xe8\x5c\xc7\x22\x79\xe2\xb8\xb1\x4e\x9a\x4a\x89"
	"\xed\xae\x74\xc3\x76\x57\x86\xd8\xc3\xb7\x0b\x00\x79\xe6\x3a\xde"
	"\xd8\x35\x4e\x40\xcb\x46\x77\xce\x89\xcb\xe0\x98\xad\xf7\x12\x4c"
	"\x70\x42\x9b\xd2\x33\xc7\x2c\x59\x83\x12\xe2\x4b\xbe\xda\x04\x48"
	"\x2c\x79\x4d\x3e\x92\x76\xf0\x16\x5f\xd3\xa8\x01\xe1\x1a\x10\xab"
	"\xb0\x37\x20\x7c\xe4\xbd\xdf\x05\x11\x6a\x67\x20\x66\xa1\x1d\xe9"
	"\xe9\x88\xab\x9d\x33\xdd\xd7\xd1\x6f\xa9\x85\x45\x65\x1e\x59\xba"
	"\x08\x7d\xde\x0d\x3f\xd0\x76\xc3\x0b\xb5\xeb\x22\xbd\x8b\x02\x5b"
	"\x37\x10\x7c\x22\x03\x2c\x10\xf8\x14\xa1\x15\xca\xe1\x43\x70\xb0"
	"\xd2\xcd\x19\xeb\x1a\x0f\x8b\xdb\x39\x41\x78\x96\x1e\x11\x58\x96"
	"\x76\xb3\xb9\x73\x42\xed\xb4\xb3\xbb\x08\x73\xed\x34\x01\xf8\xda"
	"\x65\xd5\xbb\x92\x83\x82\x09\xe3\xc3\x6e\x7a\x98\x6d\xb6\xca\xa5"
	"\x13\xd8\x41\xaf\x57\x83\x3c\x69\xcf\x9c\xd4\x71\x7c\xd1\x96\xac"
	"\xe5\x29\x81\x08\x3d\xd3\xf2\x0b\x8c\x0b\x34\x30\x95\xe1\xae\x4c"
	"\x4b\xd8\x8d\x4c\x08\x0f\xb9\x22\x3b\x21\x22\x37\x8c\x74\xdb\x2c"
	"\xb9\x0d\x43\x3d\xe3\x6e\x29\x5f\x3e\xcb\x81\x1e\x65\x98\xe1\x70"
	"\xc5\xb5\xa6\xba\x73\x7c\xed\xd1\x06\x00\x2f\xd2\x02\x3c\x53\x09"
	"\x1c\xe0\x99\x00\x81\x16\x80\xfa\x31\xb8\x94\x10\xe8\x01\x81\xa9"
	"\x91\x81\xa9\x84\xc8\xd4\x06\xdb\x0d\x3d\xdd\xe9\xdc\x51\xdf\x77"
	"\x74\x4b\xbb\x64\x51\x69\x69\x45\x11\x40\xd8\x5a\x96\xe2\x88\x06"
	"\xb3\xd5\x3b\x23\x18\x16\xd7\xfe\x8c\xe8\x2c\xdb\x88\xd0\xb6\x94"
	"\xb6\x96\x6b\x35\x89\xab\x1b\xb2\xaa\xae\x2b\xcb\x36\xa1\x4a\xaf"
	"\xac\x0b\xaa\xab\xca\xbb\xf5\x09\x31\x01\x5c\x3d\x60\x95\x25\x9b"
	"\x5e\x0f\xf1\x62\xb2\xd6\x21\xca\x1c\xe2\x62\xe1\x80\x8c\x85\xd9"
	"\x6d\xa8\xad\x23\x09\xdc\x72\xe9\x03\x74\xfd\x7c\x78\xff\x53\x73"
	"\x27\x95\x36\xb6\xef\x69\x77\x22\xea\xfa\xd8\x23\xa0\x01\x01\xc6"
	"\x95\xbe\xa5\x07\xf8\x2b\x1f\xd9\xcf\x9f\x7e\x70\x71\xfc\x3f\x8f"
	"\x3f\x8e\x2f\x1f\x67\xa9\x5d\x96\x17\x9b\x94\xaf\x40\xd7\xd6\x35"
	"\x62\xc0\x84\xcb\x01\x10\xc2\xff\xa7\xa1\x2e\xae\x80\xfd\x7c\xe3"
	"\x92\x3f\xbc\x86\x42\xea\x02\xc9\x2e\xf0\x9c\xed\x52\xf3\xe3\xea"
	"\xe1\x8d\x50\x86\x96\x59\x41\x73\x2c\x49\xef\x48\xe7\xc2\xa0\x58"
	"\x3d\xbd\x3f\x1c\x9f\xe1\x75\xd7\x2b\x04\x7b\x9a\xab\x27\xcb\x0d"
	"\x39\x70\xb5\x07\x74\xe9\x39\x92\x37\x95\x31\x98\xe6\xa0\x07\xfd"
	"\x7a\xe7\x9a\x22\xef\xdc\xfb\xeb\xc3\xfe\x61\xd8\xc5\x07\x45\xee"
	"\xac\x4f\x36\xb9\xa1\x0d\x1b\x6a\xfb\xbe\x83\x6a\x6b\x6c\x57\x5d"
	"\xe2\x94\x24\xbf\xde\x3f\x5e\x7f\x3c\xfd\xf7\x11\xae\xdc\x06\x45"
	"\x71\xa9\x09\x8a\x1c\x10\xea\xa0\x41\x3c\xdf\x4f\x61\x5c\x5f\x0a"
	"\x1d\xcc\xc4\x5a\xc6\x61\xc6\xdc\x73\x9c\xcd\x81\xf6\x35\xc0\x28"
	"\x44\xbc\x9e\xcc\x70\x19\xf1\x02\xdf\xbe\x12\x17\xe8\xc7\x11\x6e"
	"\x02\xf9\x76\xba\xbc\x08\x1c\xa9\xcc\x41\xdf\xa3\x49\x30\xdf\xba"
	"\x0e\xe6\x5e\x03\x73\x10\xc9\x5d\x82\xd9\xae\x79\x18\xbe\x30\x1b"
	"\x33\xc8\x9f\xc2\x7a\xfc\x2b\xde\x1c\xe6\x61\x11\xaf\xe7\xb0\xd5"
	"\x35\xb0\xb2\x2f\x78\x71\x88\x3b\xb3\x25\x30\x60\x66\x60\xb2\x5a"
	"\xd1\xd0\xba\x62\x90\x61\xb3\xc0\x6c\xfc\x17\xec\x6b\x9b\x47\x66"
	"\x9d\x58\xd8\xa9\xbb\x80\x39\xd7\xc1\xdc\x6b\x5b\x67\x2e\x2f\xbb"
	"\x6a\x3e\xd6\x09\x97\xfb\xaf\x98\xb6\x30\x6c\x29\x7c\x06\x31\xcf"
	"\x07\xdb\x91\x08\x13\x57\xe6\x9b\x93\x63\x7b\xe6\xb5\x9f\xb3\xc8"
	"\x76\xcd\xeb\xb1\xe5\x42\x35\xbb\x86\xa9\x5c\xcb\x46\x7c\x6c\xcf"
	"\x96\x50\x69\xa7\x36\x9f\x90\xd5\xf2\x83\xc7\xb8\xff\xbe\x1f\x6f"
	"\xc0\xdc\x69\x7d\xba\x8e\x3b\x6d\xf6\xc2\x4c\xec\xfd\x83\x6b\x65"
	"\x87\xb7\xc7\x9b\xdf\xde\x0f\x1f\xfc\x20\x7a\xfa\x38\xfe\x7e\xb9"
	"\xb9\x9b\xc4\xf8\xec\xe0\x43\x59\x6c\x85\x51\x74\xb1\x3e\x1b\x13"
	"\x7d\xdb\xb2\xe4\xc4\xce\x8a\xac\xbf\x14\x89\xf6\x12\xe9\x73\x0d"
	"\xfb\x2f\x55\xaa\x3d\x4f\x84\x75\xd6\xf7\x52\x5a\x18\xa6\xd4\xb5"
	"\x2d\x97\x27\xab\x3a\xf5\x20\xa2\xce\xfc\xeb\xcd\xc7\xf1\x8d\x9f"
	"\xec\x1f\x10\xfb\x19\xed\x5e\xda\xf6\xb7\xf3\xd2\x4f\xc7\x43\xe2"
	"\xa4\xa9\xd4\xc0\x1c\x16\xa8\xd4\x96\x2a\x0c\x57\x81\xa3\x4a\x3c"
	"\x37\x8f\x27\xfd\x1b\xbd\x66\xac\xb9\x96\xbb\xb2\xe5\xc1\x12\x89"
	"\x8e\x2b\xd5\xc0\x5c\x5b\xaa\xf4\x6b\xc1\x67\xc4\xf5\x55\x89\xf2"
	"\xec\x79\x5b\x7b\xe5\x28\x66\xcf\x09\xc3\xe5\x3c\x5b\xaa\x79\x76"
	"\x96\x1c\x21\xa6\x54\xc5\x11\xd6\x62\x7c\x43\x2e\x94\x2d\x07\xdd"
	"\xb2\x42\x7f\x09\x75\x7c\x89\x23\xba\x8c\xda\x7d\x24\xe7\x1f\x17"
	"\x63\x6a\x2f\x9a\x3b\x90\x86\xa1\x75\x55\xe5\xf7\x32\x9e\x2c\x79"
	"\x7b\xc8\xee\xab\x12\x03\xd5\x74\x59\x4b\xce\x91\xb9\x98\x51\x7e"
	"\xbe\x49\x38\xce\xd6\x8b\xf6\x97\x71\xe8\x13\xdb\x57\x8d\x57\x60"
	"\x4f\x59\x8c\xdd\xfc\x76\x0d\xc7\xd3\x86\xcb\x34\x72\xfb\x20\xad"
	"\x5f\x74\xc4\x09\x14\xe3\xc0\x13\x1d\x05\x3f\xb9\x52\x22\x5f\x58"
	"\xd2\xf2\x29\xb8\x56\x1e\xda\xaa\x7e\xac\xa4\xaa\xab\x9e\x2d\xd9"
	"\x8e\xb3\xbc\xa7\x60\x79\xd7\x93\x26\x35\xcd\x63\x18\xc4\x32\x56"
	"\x27\x27\x8b\xe4\x00\x92\x95\xa9\xcd\x22\x35\xb2\x14\xec\x0c\x3d"
	"\x90\x16\x0e\x59\x47\x96\xcc\x6d\x59\xa2\xdc\x32\x5d\x7f\xc1\x41"
	"\xa9\xc3\x8f\x8b\x56\x91\xba\xb2\x33\x29\xb9\x65\x85\x13\xba\xd6"
	"\xdc\x64\x73\x48\x74\x94\x89\xa0\x98\xcc\x09\x62\x5b\x0b\xe5\x6f"
	"\x87\xe2\x73\xfa\x7e\x9d\x21\x36\x9e\x5f\x53\x9b\x1f\x55\x60\xa6"
	"\x59\xa7\x72\xd6\x4d\x13\x36\xf4\x56\xca\x7b\x66\xd3\x64\xdc\xa0"
	"\x51\x06\x85\x05\x1e\x3a\xca\x61\x76\x94\xec\x23\x6f\x8e\xc3\x06"
	"\x15\x9c\xd6\x06\x61\x94\xd7\x59\xbd\xbe\x7d\xfc\x79\x43\xb8\xfe"
	"\xf3\xf4\x70\x78\xf9\x74\xfb\xfa\x76\x3c\xbc\xdc\xb0\xcb\x82\xf9"
	"\x94\x88\x63\x23\x65\x1d\xda\x32\xce\x97\x8e\x65\x49\xcc\x5a\xb7"
	"\x1e\xb8\x9a\x5a\x26\xda\xf2\x92\x88\x13\xae\x15\xcb\x7b\x64\xb1"
	"\x49\x99\xeb\xca\x85\x8e\xa9\x9e\x32\xd5\x27\x72\x32\x9f\x40\x4b"
	"\xb1\x26\x2d\x69\x93\x26\xbb\xd0\x73\x1c\x55\xda\x9e\x77\x5b\x99"
	"\xde\xad\x0a\x45\xc1\xf6\x79\xe3\x01\x73\xdb\xab\x77\x9e\x48\x9e"
	"\x3f\xbe\xa2\x42\xf5\x86\xe7\x58\x74\x56\xc5\xfc\xfc\xfc\x97\x7f"
	"\xaa\x5e\x96\x80\xf3\x0b\xe7\xbc\x57\x8e\x96\x31\x93\xac\x5c\x3f"
	"\x7e\xfe\x7b\xd4\x56\x3f\x35\x45\x31\xcf\xcf\x13\x54\x47\x0a\x6f"
	"\x3c\xdf\x82\x2d\x94\x14\x59\xa7\x1a\x69\x96\x9c\x82\xaa\x9c\xae"
	"\x5d\x6e\xbe\xbd\xbe\x0d\x82\xc1\x42\x1e\x71\xa3\xfe\xfe\xb3\x34"
	"\xc3\x55\xbc\x75\xbc\x45\x5a\x23\x8f\xa7\x48\x93\x26\x18\x1e\xdd"
	"\xad\x64\x4e\x12\x89\x72\xee\x21\x51\x5a\x4c\xa0\x7b\xcb\xeb\xab"
	"\x71\x64\x06\xa4\xe1\xa6\xf0\x14\x89\xf2\xa1\x47\x58\xcc\xa5\x37"
	"\x77\xb9\xb8\x7d\xdf\x93\xc4\xc1\xbc\x77\x3c\xcb\xeb\x16\xa2\x5f"
	"\xcb\xcf\x4d\x99\x65\x60\xbb\x75\xa5\x56\x6e\xeb\x76\x47\x5d\x69"
	"\xa9\x10\x9a\xd4\xcc\xc9\x24\x64\x56\x40\xb4\x95\x71\xb2\xd8\xeb"
	"\xeb\xf3\x3b\xc4\x23\xe4\x33\x75\x7c\x7e\xfd\x79\xf3\x72\xfc\xaf"
	"\x19\x67\xcd\xed\xd4\x77\x65\x79\xaf\xda\xea\x36\x6f\x87\x9f\x7f"
	"\x82\x47\x9f\xc5\x43\x8c\x6e\x43\xe6\x71\x27\xc7\x04\x61\x37\xbf"
	"\x69\x76\xc2\x66\xfe\x54\x45\x3b\x89\x30\xc3\xff\xd8\x97\x39\xc4"
	"\xba\xa4\xb3\xb8\xa1\x90\x9e\x36\x7c\xc5\xf6\xa7\xd8\xf1\x6a\x1b"
	"\x0b\x80\x09\xf7\xf8\x48\x78\xd0\x29\x60\x4f\xb3\x62\x8d\x86\xeb"
	"\x04\x64\x52\xe4\x59\xc5\xf6\x10\x43\x86\x36\x05\xa1\x5b\xd5\x49"
	"\xc1\x71\xb7\x25\x1d\x03\xa4\xcb\x6d\x5e\x8b\xa7\x15\x7a\xc7\x5c"
	"\x80\x13\x31\x75\xb8\xf6\x93\xe2\xa6\x0a\x60\x0c\x30\x7e\x05\xba"
	"\x79\x7d\x43\xaf\xb3\xa0\x34\x11\x27\x7b\xcb\x8f\x77\x1f\xad\x70"
	"\x08\xe3\x5c\x60\x21\x9c\x4e\x90\xaa\x6f\xc4\x1d\x51\x84\x7c\x79"
	"\x05\xdc\x36\x2d\x10\x63\x73\x31\x9b\xa4\xe0\xb3\x99\xc3\xf8\xdd"
	"\xa3\xa0\x96\xa4\x99\x66\x74\x48\x99\x72\xa6\x51\xf9\x2c\xbb\xf9"
	"\x6d\xb0\x72\x48\x5e\x9b\x93\x75\xc3\xef\x10\x3c\xf8\xdb\xd3\xf7"
	"\x5f\x6f\x07\xf0\xff\x24\x8f\x4d\x55\xef\xba\x8c\xec\xd0\xba\xba"
	"\x4d\x86\xb3\xce\x2e\x2d\xf0\x46\x6a\x18\xa9\xdc\x90\x8d\x83\xdc"
	"\x05\x08\x46\xcb\x5b\xbe\x92\xf7\x5f\xb2\x12\x6f\x58\x9b\x10\xbe"
	"\xeb\xde\xf1\xe1\x46\x9e\x64\x02\xe8\x4b\x8f\x37\x30\xae\x93\x2d"
	"\x45\x38\x78\x88\xae\x39\x4f\x80\x07\x70\x39\xc4\x67\x86\x67\x29"
	"\x9b\xbc\xda\xc8\xcc\x0d\x18\x68\x0d\xff\x91\x34\x78\xdf\x47\x94"
	"\x16\x90\xce\xc3\xb5\x2e\xa9\x5c\xe2\x21\x58\x1b\xca\xb4\xf1\xb4"
	"\xa5\x73\xc0\xca\xd0\xbe\xa4\x41\xea\x07\xcb\xb4\xbb\x58\xae\x16"
	"\x52\xe9\x16\xe7\xfa\x81\xae\x2b\x53\x6d\xe5\x76\xa2\xb6\x34\xb9"
	"\x24\xc2\xeb\x9f\x71\x05\x8d\x6e\x69\xd5\xb4\x34\x2f\x4b\xf0\xd8"
	"\x26\x62\x5e\x29\x5e\x9b\x4d\xb1\x3d\x54\x9e\x55\xe0\x49\x32\x45"
	"\x62\x96\x24\x60\xc3\x77\xca\xb0\x28\x27\x1d\x5c\x00\xc6\x2d\xaf"
	"\x71\xa7\x9f\xfd\x22\x23\x34\x43\x86\xa2\x21\x55\x76\x8e\x75\x9b"
	"\x3e\xbd\xff\x7c\x3e\xfc\x7d\xd3\x1c\x5e\x8e\xcf\x8b\x5d\x4d\x40"
	"\xf7\x45\x97\x52\xb4\xb6\x01\xa2\xb9\x74\xbf\x80\xf2\xaa\xaa\x0b"
	"\x7e\x9c\x34\x56\x10\x7d\x45\x9e\xb8\x5c\xd0\x9f\xd3\x7c\x5f\x30"
	"\x2e\x0a\x95\x99\x85\x5e\xc6\x4e\x5a\x40\x4a\xba\xe3\x33\x51\xa4"
	"\x11\x16\xc1\x6a\xd2\x23\x18\xd1\x95\x87\x3c\x38\xbf\xe0\xf8\x4f"
	"\x02\xef\x30\x92\x7d\xd7\xf5\xb6\xb5\xb6\xdc\x55\x75\x75\x4b\xa8"
	"\x9f\xb9\x5b\xc4\x98\x5c\x89\x0e\x09\x31\x96\x2d\xde\x88\x16\x5f"
	"\x6c\xcb\x6e\x6d\xda\x23\x37\x8e\x0b\x3c\xb5\x56\x2e\xb3\x8b\xcc"
	"\x8c\xcf\x59\x0b\xef\x4e\xf8\xda\x0f\x82\x30\xea\x10\x16\xe2\x2c"
	"\x98\x6e\xb2\xf9\x1a\x1a\x0a\x38\x53\x66\xdc\x95\x73\x31\xe7\xed"
	"\xdb\xe1\xe1\x78\x13\xbf\x3d\x3d\x7e\x3f\x2e\x18\x6d\x78\x20\xca"
	"\xeb\x25\x55\x1f\x60\x41\x16\x17\x40\xdf\xc1\x37\x21\x2e\x42\xc5"
	"\x42\x06\x4a\x49\x82\xcb\x00\x9c\xb3\xf9\x92\x14\xaf\x67\xf1\xf5"
	"\x94\x6d\x08\x84\xfe\x01\xef\xd3\x69\xd3\x83\x43\x38\x78\x1b\x18"
	"\x7a\x56\xe7\xee\xd7\x77\x68\x3e\x38\xc8\x1b\x56\xb9\x2b\x5f\x37"
	"\xab\x70\x0e\xef\x1b\x1a\xfa\x0e\xce\x29\x5c\x6a\xe0\xff\xf2\x10"
	"\xf3\x83\x36\x60\xf2\xc8\x72\xf0\x81\x63\x35\xdd\xe6\x31\x19\x6d"
	"\x88\x10\x63\x27\x01\xcc\xf7\x6c\xdd\x60\xb1\x74\xc4\xa8\x41\x28"
	"\xc3\xc8\xb7\x6d\xad\x1c\xa3\x33\x2c\x11\x33\xd9\x26\xcd\x06\x3f"
	"\x7b\xb7\x39\x3f\x81\x78\x8b\xcb\x44\x0f\xb9\xcd\xf9\x76\xa8\xe9"
	"\x4c\x75\x9f\xb6\xb8\x74\xd1\x14\xb6\xa6\x89\x05\xcc\x3c\x2e\x42"
	"\x41\xfc\xdc\x96\x54\xe9\xfc\xc9\xea\xf0\x31\xfc\xed\xf0\xe3\x78"
	"\xf3\x8f\x5f\xdf\xbe\x71\x81\x31\x95\x4d\xf8\xd7\xb3\xc3\xed\x24"
	"\x7e\x0a\x61\x54\xb1\xe0\xd6\xf1\x3e\x29\x53\x08\xc6\x72\x59\x70"
	"\x3c\xad\xaa\x59\xbe\x9e\x1d\x12\x3c\x31\x45\xdc\x4e\x72\x92\x38"
	"\xa2\xba\x8c\x12\x8d\xe1\x3f\x54\xc5\xff\xad\xf3\xa2\x68\xb3\x84"
	"\xcd\xea\x03\x42\x52\x37\xf7\xbc\xa5\x64\x41\xc8\x4b\xb2\xc9\xe2"
	"\x22\x67\x52\x7b\x80\xd6\x72\x71\xbc\xc9\xfb\xac\x80\x97\xab\xfb"
	"\xf8\x9e\x65\x58\x13\xe9\x3d\x3d\xd7\xad\xc3\x9c\x9a\xa1\xc3\x9c"
	"\x5b\x84\x81\x9a\xb6\x86\xef\xd0\x7c\x2d\x33\xf8\x73\x57\x95\xa4"
	"\x69\x32\xf0\x91\x84\x17\xbc\xae\xdb\x2c\xdf\x54\x7c\xcb\x48\x73"
	"\x24\x08\xc1\xa9\x1b\x75\x43\x51\x3a\xdf\x96\x20\x74\x3d\x42\x2e"
	"\x09\x38\x6d\xcc\xd0\xec\xf0\xce\xba\xc8\x37\x5b\x64\x02\x21\xef"
	"\xa8\x1a\x51\x69\x36\x58\x5e\x88\x21\xe1\xab\x62\xa3\x67\xd9\x3f"
	"\x0f\x6f\x8f\xc3\x83\x94\x65\x5c\x33\x98\x56\x21\x3c\xa3\x23\x5b"
	"\x3a\xea\xa6\x91\xb6\x4c\xb8\xe2\x22\xf3\xc8\x7d\x9c\xb5\x0e\x76"
	"\xc2\x43\x36\xbe\xff\xf1\xe1\x46\x67\x32\x2f\x29\x43\x89\x75\x03"
	"\xfb\x7b\x8b\x0f\x27\xb5\x53\xe1\xe5\x13\xa3\x57\x9c\x4b\x72\x94"
	"\x23\xda\xbc\x43\x69\x79\xb0\xb2\xf0\x49\xe6\x07\x2d\x5a\xa7\x46"
	"\x39\x83\xf1\x60\xf7\x36\xf2\x0d\x7b\xa0\xa2\x5d\x75\x51\x0a\xe9"
	"\xb0\x48\x4f\x40\xcd\xd1\xd1\xab\xb2\x9a\x2f\xb4\x1c\xdd\x75\x6e"
	"\xef\x91\xc7\x86\x9c\xe6\xa6\x6b\x74\x04\xba\xba\x4e\xeb\xda\x46"
	"\xc9\x8c\x1f\x86\x68\x6f\x18\x17\x42\x32\x9c\x5f\x48\x7b\x8b\xb3"
	"\x2e\x5a\x28\xd7\x05\xb9\xa8\x8f\x8f\x51\x49\x93\x1d\xde\x1f\x4c"
	"\x8d\x05\x36\x89\xcb\xfd\xa6\x67\x2b\x0f\x5f\x01\xa3\x3b\x32\x94"
	"\x99\x32\x90\xda\xea\x12\x6d\x1c\x5c\x7e\x3a\x38\x8b\x97\x48\x84"
	"\x34\xd8\x6c\xc0\x05\x02\xdd\x66\x19\x3e\x9a\xbb\x7a\x7f\x6b\x47"
	"\x56\x8f\x73\x0f\x6e\x90\x03\x9a\x66\x8c\xef\xe3\x14\xbe\x07\x04"
	"\xf8\x90\x07\xb6\x6a\xa7\x39\x6f\x90\xe0\xd1\x68\xa2\x95\x9d\x74"
	"\x29\x9e\x38\x38\x52\x18\x7d\x86\x4f\x9e\x1f\x01\xad\x58\xad\x2d"
	"\xcb\x59\x39\x0c\x31\xaf\x10\x98\x92\x3a\xa1\xbb\x59\x23\x2f\x8e"
	"\x05\x84\x75\xae\x67\x7d\xe9\x50\x00\xdf\xd4\x22\x07\x91\xd8\x4e"
	"\x74\x17\x91\xf8\x80\xce\xd2\xda\x59\x95\x28\xb9\xdb\x6c\x9c\x95"
	"\xeb\x90\x15\x8a\x38\x3d\x41\x42\x01\x5c\x27\xf1\xdd\x12\x6f\x81"
	"\x46\xd7\x02\x32\xd7\x6c\x5c\x3f\x5a\x6f\x90\x3b\xb1\x71\x1c\x3d"
	"\xcb\xbe\x5d\x6b\x86\x7a\xdb\x87\xae\x17\x68\xa7\x79\x36\x9b\x7f"
	"\x2f\xe9\xa3\x8f\xfc\x99\x17\xf3\x33\x11\x73\xcb\x35\x41\x94\x61"
	"\xb4\xb2\xf7\x77\x6a\xbd\xfd\x82\xbb\xb8\xea\x07\xa8\xba\x36\x92"
	"\x36\x21\xe6\x51\x43\x42\x05\x26\x14\x58\x3b\xba\x88\x83\x07\x09"
	"\x15\x99\x40\x4d\xe8\x79\xbd\x01\x84\x7a\xec\x9b\x94\xd3\x79\x8e"
	"\x15\x14\x8d\x01\x16\xa7\xbe\x6d\x05\xa6\x41\x68\x93\x3e\xa9\xd4"
	"\xa7\x20\x97\xa0\x28\x23\x2c\xc3\x3c\xef\x48\x42\xd0\xc9\xd9\x76"
	"\x5a\x4e\x1c\xee\x70\x3d\xb2\x9e\xdd\xb1\xf0\xbf\x21\xe6\xe1\xae"
	"\xe7\x32\x54\xa5\xee\xe9\x04\xc3\x9b\x60\xfb\xaa\x7b\x9c\x0b\x24"
	"\x29\x76\xcc\x71\x56\x97\x2a\x69\xbd\xab\x66\x8c\x21\x12\xf6\xe0"
	"\x87\x46\xf6\x2a\x7a\x02\x08\xfc\xe5\x0f\x2e\xc3\x95\x53\x0f\x50"
	"\x90\xd4\x24\xe5\x22\x61\x9f\x15\xe9\x32\x31\xcf\x92\xc8\x0b\xe7"
	"\xe9\xdb\xbb\x34\x6b\xe6\x49\x2d\xf9\x1f\xc6\xae\xad\xb9\x71\x1c"
	"\x57\xff\x15\xd7\x3e\xed\x56\x9d\xae\xb5\x24\x4b\xb6\xf7\xd4\x3e"
	"\xd0\x14\x65\x6b\xa2\x5b\x44\xc9\x97\x7e\x51\x65\xd2\x9e\x9e\xd4"
	"\xa4\x93\x54\x92\xd9\x9d\x3e\xbf\xfe\x10\x94\x64\x4b\x14\x41\xfa"
	"\x25\x17\xe0\x13\x44\x81\xe0\x1d\x04\x0e\xa9\x98\xf4\x8c\x89\xc2"
	"\xb8\xdb\x9b\x7d\x79\x14\xc1\xde\xf9\x98\xfb\x8b\xa8\xb6\x29\xa5"
	"\x0b\x55\xd3\x06\xaa\xb9\x7e\x74\xfb\xc9\xb0\x45\xaf\xff\x62\x59"
	"\xd6\xfe\x43\x47\x8f\xed\x4a\x49\x46\x1e\x1b\x47\x01\x1a\x17\x07"
	"\x8e\x41\xc4\x10\x1e\xf2\x7f\x7b\xee\x90\xde\x0d\x0f\x4d\x9e\x84"
	"\xe3\x78\x4c\xb2\x1c\x65\x4e\x9b\x48\x91\xb4\x87\x80\xd8\x9c\x49"
	"\x66\xc4\xd5\x12\x5e\xb9\x71\x56\xe9\xe7\x19\xb2\xa8\x48\x94\x52"
	"\x29\x22\x25\xb0\x07\xac\x4a\xe6\xec\xbe\x16\x73\x59\x2c\x27\x32"
	"\x28\xb5\x48\x3c\xb9\x2a\x15\x50\x13\x68\xa1\x03\x0d\x0b\x37\xbd"
	"\xf2\x2d\xc9\x70\x2a\x85\xca\x25\x10\x03\x0a\xe5\xa6\x55\x41\xf6"
	"\x28\x97\x8b\xee\x99\x24\x4d\xed\x04\x3e\x96\x54\x0a\x64\x14\x35"
	"\x9a\xe7\x49\x1a\x4d\x3c\x59\xd4\xec\xc2\x2f\xf2\xb4\x62\x70\xbd"
	"\x1b\xac\x28\x24\xa2\x7e\x98\x0c\x65\x25\xa6\x27\x5f\xd9\xbf\x83"
	"\xc5\xc8\x26\x54\x3b\xa8\xf9\x66\x42\x68\xe4\x9d\xcd\x29\xb9\x26"
	"\x8e\x74\xb4\x55\xc8\x94\xc4\xe4\x1e\x21\xb7\xcd\x64\xca\x0c\xa2"
	"\x78\x18\x37\xab\x27\xef\xe2\x68\x94\x2e\x07\xe8\x1b\x1a\xca\x03"
	"\xcc\x09\x18\xf6\x0d\x82\x29\xb9\xc8\x43\x2d\x71\xa7\x21\x57\x79"
	"\xc6\xc6\x53\xa8\x9e\xb3\x27\xa2\xde\x8e\x88\x6a\x20\x71\x8b\xba"
	"\x87\xdd\x03\x44\x3f\xa2\x84\x4f\x19\xaa\x3f\xa7\x63\x91\x32\x10"
	"\x40\xd7\xfd\x4c\x5a\x85\xe0\x91\x14\x72\x88\xe0\xc6\xd7\x26\xe5"
	"\x10\x48\x43\x73\xe4\x62\x5d\x2f\x77\x61\x62\x57\xe3\x91\xff\x4a"
	"\xbb\xbb\xbd\x70\xc0\x1e\xbd\x9f\xcf\x1f\x8f\x0f\xcf\xe7\x19\x2d"
	"\xea\x8b\x0f\x24\x7d\xfd\xf1\xe3\xf5\x65\x00\x7d\x7d\x83\xc3\xb0"
	"\x0f\xcd\x23\xff\x1a\xb9\xf4\x77\x1f\x11\xf1\x44\xac\x74\x4b\xbc"
	"\x8c\x3d\x88\x93\xd8\x8e\xe1\x37\x60\x8a\x30\x8e\xac\x28\x66\x7b"
	"\x5d\x9c\x1e\xa1\xbe\xb1\x48\x0f\x00\x13\x2a\x85\x3c\x19\xae\x33"
	"\x57\xb5\xab\x91\xb6\x35\xf2\xef\xa9\x66\xb7\x8d\x57\xe9\xd3\xe3"
	"\xfb\xeb\xf9\xf9\xfc\xf8\xf9\xde\x65\xbc\xa9\x52\xcf\x9d\x41\x95"
	"\xb7\xd7\x04\xaf\xe7\xe5\x13\x91\xc7\x2a\x2a\xb6\x04\x2d\xd9\xd7"
	"\xa3\x98\x69\xa7\xb8\xa9\xb6\x9b\x9d\x97\x5e\xa3\x7b\x03\x04\x27"
	"\xd1\xe5\x84\xef\x2d\x96\xae\x97\x4d\x8b\x32\x7d\x2d\x09\x49\xed"
	"\x2c\x0d\x7d\xde\x15\x14\x38\x68\x34\xed\x09\x10\x8b\xcc\x3d\x04"
	"\xa2\x37\x40\x2f\xa0\xbb\x85\x83\xa5\xfa\xbc\x42\x7c\xdf\x0a\xc1"
	"\x42\x16\x0d\x21\x0b\x5b\x59\x7c\x0f\x89\x6a\x7c\x81\x24\xd4\xc7"
	"\xb6\x0c\x7a\xcc\xa6\x6a\x38\xcd\x8d\x10\xca\x3d\x3f\xf1\xdc\x1b"
	"\x30\xde\x0d\x98\xc5\x0d\x18\xdf\x82\x59\xb8\xc9\xc2\xb5\x63\x7c"
	"\xbb\x7d\xb4\xb8\x5b\x64\x05\x76\xcc\xd2\xb3\x62\x02\xfb\xa7\x2d"
	"\xe7\x76\xc8\x6d\x1f\xb6\xb4\x9b\x3d\xc0\x8e\xc7\xd5\x2d\xe2\x3c"
	"\x34\x91\xfb\x00\x83\x44\xd0\xbe\x42\x20\xcc\x81\x59\x8c\x18\x46"
	"\x5d\x67\x7c\xca\xa5\x20\xa4\x37\x80\xec\x49\x74\x23\x23\xe3\x4b"
	"\xc7\x62\x65\x8c\xaf\x3c\x27\xb0\x42\x5c\xbb\x5e\x3a\x98\x4d\xcd"
	"\x5b\x88\x2d\x65\xee\xd2\xe0\xa4\xb8\x29\xef\xbc\xb9\x67\x2e\x98"
	"\x98\xd4\xaf\x57\xbe\xa5\x17\x92\xa0\x35\x96\x50\x79\x08\x0a\xcc"
	"\x95\x91\xf2\x74\xb5\x76\x82\xe6\x00\x7b\x1b\xf2\x1c\xf2\x66\x78"
	"\x17\xd6\xd6\x88\x17\x8b\x1e\x27\x58\x39\x56\xcc\x72\x7d\xb4\x56"
	"\x45\x8f\xb3\xd5\x85\xc0\x89\xca\x5f\x91\x5b\x04\xb6\xc0\x1b\x24"
	"\xfa\x8e\xfb\xd7\x2d\x02\x25\xce\x26\xaf\xac\xfc\xc0\x62\x9e\x00"
	"\xf1\x1c\x2b\x64\xb9\xb4\xbe\x8c\x6f\xab\x04\xf5\x35\xb8\x80\xe2"
	"\x32\xea\x66\xb8\xf6\x11\xdc\x3e\xc9\xe2\x3c\x75\x83\xb9\x6b\x2f"
	"\x5b\x87\xb3\x29\x56\xe0\x16\x7e\x60\xb6\x76\x5e\x11\x2c\x28\xdf"
	"\x10\xe2\x5b\x14\x51\xc5\x62\x32\x6a\x9e\xcf\x55\x84\xbb\xbe\x65"
	"\x4c\x11\x18\x34\x1d\xce\x10\xb3\x74\x8e\x76\x8c\x6b\x2e\x73\x15"
	"\x91\xf5\x6a\x69\xee\x98\x07\xc1\x65\xac\xda\x1e\x62\x6d\x35\x78"
	"\xc1\xa2\xb1\xf7\xa6\x48\x0b\x8e\x7b\xc4\x75\x97\xcc\x08\x3a\xa4"
	"\x2b\xdf\x99\x5b\x21\x96\xb9\x91\x84\x2c\xac\x90\x95\xf5\x45\x58"
	"\x22\xc7\x21\x04\xcb\xa7\x3d\x80\x78\x76\x29\xde\xd2\x0a\x59\xd8"
	"\xa5\xf8\xf6\x2f\xf2\xad\xaa\x5b\x2e\xed\x52\x96\x81\x0d\xb2\x9a"
	"\x2f\xac\x06\xd9\xc1\x6c\xb6\x08\xd9\x75\xe6\xd6\x62\xaf\x83\xb9"
	"\x1d\xe2\x5a\x21\xcb\x85\x1d\x62\xad\xf1\xf5\xca\x3c\x5d\xfc\x2a"
	"\x97\xa1\xeb\xa0\x70\xcd\x05\xca\xe0\x0e\xc2\x62\x6e\xc5\xac\x9c"
	"\x1b\x30\x96\x16\x51\x15\x44\xac\x6e\xe6\xc4\xb5\xf7\x49\xa6\x1e"
	"\x41\x1e\xa0\xc9\xdd\x4b\x1b\x86\xd3\xda\x8c\x6b\xc7\xad\x6d\x49"
	"\x8a\xdd\xed\x40\x9d\xd4\x76\x7b\x2d\x0e\xa7\x9e\xe8\x82\x38\x9c"
	"\x8a\x8a\x7f\x9b\x0d\xa9\x2a\x56\x9e\xc4\x88\x51\xb2\x6c\x5b\xe9"
	"\x9c\xba\x05\xac\x24\x87\x41\xf8\xca\x56\xcc\x40\xc8\xf5\x14\xa7"
	"\x5d\xf4\xbf\x9d\x1f\xe1\x92\x05\x94\x61\x12\x7c\x1d\xf0\x64\x51"
	"\x31\xba\x53\x8b\x42\x28\xad\xab\xbc\xa6\x48\x19\x04\xbf\xac\x8f"
	"\xe3\x17\x4b\x52\x13\x45\x0a\xb5\x28\xc6\x89\x71\x2f\xc4\x58\xbf"
	"\x43\x2b\xf9\x1c\x71\x9b\x90\xcc\x1a\xf6\x24\x91\x72\x6d\x58\x72"
	"\x17\x67\x13\xc5\xb2\x2a\x2f\x44\xd1\x90\x87\xe8\x8e\x95\xe5\x69"
	"\x5c\x6e\xba\x8b\xc5\x7f\x27\x55\x12\xcd\x4b\x4e\xe2\x12\x11\x54"
	"\x94\x79\x18\xdf\xb1\x13\x9f\x3c\x26\x2f\x10\xa3\x9f\x44\x0b\xd7"
	"\xd1\x9e\xd1\x4a\xe6\xa9\xdf\xd1\x1b\x10\x85\x15\x6c\xf3\xac\x6c"
	"\x33\x8b\x5f\x9c\xad\x7a\xda\xa4\x16\x58\xca\xa7\xb4\x84\xd1\x3c"
	"\x55\x69\xb9\x42\xf8\x2a\x3e\x47\x35\xb0\x74\x13\x97\x13\xe3\xdd"
	"\x46\x65\x8a\x7c\xc1\x2e\x4f\x2a\x76\x37\x7a\x40\x52\x94\x1a\x19"
	"\x8b\xab\x82\x95\x87\xe9\x59\x94\x49\x1a\xe7\xb8\x60\x77\x27\x36"
	"\x26\xd4\x14\x9c\x20\xe9\x98\x78\x20\x89\x30\x06\xe5\x93\x4e\xa5"
	"\xbc\x05\x31\xa6\xc6\x94\x84\x13\xd3\x8d\xb5\xa7\x69\xc0\xa9\x0e"
	"\x71\xb6\x23\x8a\x8c\x3b\x96\xf1\x58\xb4\x65\x55\x76\x42\x65\x3e"
	"\x76\x55\x3a\x96\xaa\xa8\xe5\x65\xf9\x3e\x47\x5e\x0e\x1f\xda\xb5"
	"\x63\x0d\xb5\x09\x7f\x41\x18\xe2\x9f\xa2\x18\x1d\xf6\xb5\xf4\xa1"
	"\xb1\x00\xb1\xac\xd3\x4d\xc2\x0a\x12\xba\x13\xd6\x76\xbd\x98\x4f"
	"\x88\x87\x1d\x03\x4f\x36\xd5\xe6\xa4\x13\x4c\x9a\xd7\x7c\xa2\xd7"
	"\x94\x9c\x22\xe4\x22\x8b\x64\xc7\x90\xa8\x39\x8f\x2a\x45\x5e\x9e"
	"\x89\x1e\x53\xb5\xd0\xb4\x4e\xaa\x58\x63\x20\x59\x2c\xd0\x59\x98"
	"\xab\xef\xce\xaa\x18\x79\x6d\x56\x95\xf1\x76\x2c\x24\x2f\x5b\x5b"
	"\x1e\x36\x7b\x92\x41\xfa\xf7\x24\x2f\x07\x7d\xf1\x80\xd8\xaa\x61"
	"\xf4\xca\x82\x65\x42\x0d\x59\x85\x75\x24\x4c\x2c\x83\x4f\x99\xd2"
	"\xc3\x16\xa2\x4b\x52\x1c\xc3\x06\xe4\x26\xda\xa0\xb6\xd3\x43\xb4"
	"\x4e\x71\x5a\xa4\xb0\x44\x6e\x05\x51\xbc\x27\x4c\x48\x26\x7d\xa4"
	"\xa9\xd2\x71\x81\xcb\x3e\x9c\x49\x8f\x5a\xdb\x80\x38\x31\x99\xa2"
	"\x8c\x53\x79\x78\x32\x2a\x41\x09\xbe\x3c\x21\xd6\x14\xcb\x9c\x52"
	"\xa2\x98\x8a\xe8\xb6\x27\x15\xd7\x79\x95\x2b\xc4\xb6\xdb\xbf\x1c"
	"\x3d\x67\xa7\x49\x99\x78\xc1\x18\xb8\x9a\xde\xa9\xc5\xe2\x15\x23"
	"\x58\x2f\x28\x78\xa2\x49\x88\xb1\x99\x29\x2a\xe9\x62\xd6\x4f\x3e"
	"\x31\xc5\xac\x72\x5b\x32\x96\x11\x1e\x0f\x1c\x4c\x2f\xa4\x69\x59"
	"\x53\x52\x56\xbf\xe4\xa7\xee\x15\x97\x00\xb5\x57\xea\xe4\x91\x2a"
	"\xde\x2b\xc3\x80\xe8\x31\x39\x63\x13\xcb\xab\x76\xa2\x6f\xc3\xbe"
	"\xb7\xda\x95\x35\xaf\x2e\x87\xb4\x7d\x24\xe3\x01\x55\xd3\x2e\x6a"
	"\x98\xde\x34\x05\xf7\x10\xa1\x07\x32\x19\xb3\x0e\x71\x9c\xe6\x95"
	"\xd2\xf5\x1f\x63\xd1\xbe\xc6\xa4\xaf\xac\xcc\x55\x3d\xf7\x34\x7c"
	"\x6e\xf0\xf5\x14\x8a\x89\x4d\x3e\x99\x52\x70\xd1\xb1\xe7\x65\xb3"
	"\xab\xf1\x46\x47\x92\x82\x23\x52\xef\xf7\x97\x98\x4d\x10\xbd\x5c"
	"\x3b\x41\x6c\xcf\x30\x35\xad\x5d\xe7\x5e\xd3\x81\x5b\x17\x82\xcb"
	"\xad\xbc\xb1\xdc\x8b\x18\x38\x8a\xd9\xa1\x62\xf2\x1d\x8d\x1b\x70"
	"\x7f\x15\x13\xe5\xd6\x83\x77\x1c\x2d\x7d\xe2\x29\x26\x0f\x68\x95"
	"\xdb\x3f\xf2\x78\xb3\x84\x01\x86\xf0\x66\x47\xc3\x11\x67\x0c\x2b"
	"\x68\xac\x84\x68\xcf\x79\x75\xf5\xdb\x1e\x0a\xcc\x32\xd1\x67\x52"
	"\xd6\x64\xec\xd0\xe7\xed\xba\xa4\xe0\x1a\x85\xf5\x02\xa5\x76\x07"
	"\x8b\x63\x85\x86\x2c\x22\x62\x74\x68\xc0\xe3\x25\xe6\x23\x3f\x6c"
	"\xc9\xb6\x27\x48\x92\x2a\xaa\xb6\x26\x5e\x73\xd8\x89\xbe\x26\x89"
	"\x79\x65\x44\x6d\x12\xd9\x1b\x8b\x8f\xc5\xac\x48\x9e\x4c\x8b\x8e"
	"\x18\x5c\x35\xb7\x5b\x06\x19\x54\x37\xaa\x4f\xfa\x38\x8b\x11\xe2"
	"\x0e\x0b\xbc\x83\xac\x27\x25\xee\xdd\xd5\x04\x5f\x3f\x3e\xe1\x7e"
	"\x22\xdc\x93\x7e\x06\x6f\xfc\xe9\xa9\x9c\x7c\x3e\x58\x1e\xe7\x73"
	"\xa8\x51\xc4\x7a\x8e\x60\x3d\x6a\x85\xb7\xd4\x49\x45\xb7\xd4\xce"
	"\xbd\x6e\xcc\x62\x57\x31\xa3\xf7\x4b\x7a\x09\x3e\xfa\x42\x67\x4d"
	"\x55\x21\xa5\x90\xb0\xaa\x02\x43\xe1\x62\x76\x1f\x6a\x84\xb7\xa5"
	"\x99\x0a\xc7\xbc\x3c\x87\x80\x66\xc7\x63\x6a\x7a\xf5\x6e\xe0\x37"
	"\xa8\xbe\x25\x3f\xd6\xae\x33\xdf\x15\xaa\x12\x47\xa0\x98\x17\x8e"
	"\x13\x1c\xad\x18\x2f\x70\x8d\x98\x48\x18\x1a\x1c\x28\x9b\x30\x62"
	"\x78\xf5\x16\xae\x63\xa8\xd4\x5c\x5b\xa9\xf9\xe5\x4b\xd5\x8a\xcd"
	"\x6d\x3a\xa8\x3b\x00\x9e\x00\x24\x59\x39\x8e\x11\x51\xae\xe0\xde"
	"\xfa\x7a\x69\x04\x41\x19\x64\xfc\xfb\x54\x99\x2c\x5c\xec\xbe\xbd"
	"\x75\x32\xa3\xcf\x0f\x1f\x1f\xd3\x05\xb2\xec\x75\xe8\xa4\xf8\xd2"
	"\x6b\x49\xeb\x5f\x25\x1b\x5a\x38\x79\xa0\x1a\xdf\xcf\x91\x6f\x17"
	"\x3d\x1c\xfb\xd7\xac\xcd\x87\x92\x97\xe0\x57\xfe\xed\xfc\x06\xd7"
	"\xdc\x21\x60\x20\xa7\x3c\x9e\xfd\xfa\xe7\xe7\x6c\x93\xdc\x41\x57"
	"\xd7\xf0\x70\xf6\xe3\xe1\x67\xef\x45\xf1\xf0\xfc\xf1\x3a\xfb\xf5"
	"\x3c\x7b\x39\x9f\xbf\x9d\xbf\xfd\xaf\x10\x7a\x1e\x49\xda\x9d\x9f"
	"\xdf\xa4\x47\xc5\x0f\x48\x47\xf8\xf4\xf2\xdb\xeb\xf8\x9b\x3a\x9c"
	"\x5a\xcc\x8e\x8c\xba\x5d\x0d\x31\xb0\x08\x1f\x4d\xa8\x3a\x82\x0c"
	"\x31\x5f\x28\xcd\xf9\x22\x98\x54\x24\x22\x1b\x3d\x33\x12\x73\x98"
	"\xd1\xe8\x3e\x64\xc6\x1c\x3c\x77\xf4\x3c\xf1\x37\xa9\xf4\x2c\x1e"
	"\x86\xe5\x7c\x8d\xf3\x7c\x5f\xcf\xfb\xa5\x4e\x0b\xbe\xcb\x11\xa9"
	"\x24\x21\x75\x48\xf4\xbc\x3c\x63\xca\xd2\x63\xc8\xbd\x23\x65\x8a"
	"\x3c\xd8\xa7\x04\x10\x2a\xa2\x1b\xac\x66\x58\x26\x3e\x77\x13\xb8"
	"\x3e\x9e\x08\xa9\x26\x5c\x6b\xe9\xf1\x8f\x87\xef\x4f\x2f\xdf\x75"
	"\xb1\x47\x65\x2f\x10\xd2\x95\x21\x45\x96\x5c\x80\x19\x92\x1d\xc5"
	"\x05\x9e\xf1\x5d\x3e\x2f\x9b\x63\x58\x62\xdd\x66\x78\xa0\xde\x64"
	"\x34\x16\x34\x39\x1b\x40\xa5\x4a\xc4\x96\xa8\x69\x70\x54\x44\x08"
	"\x49\xca\xcb\x3c\xb9\xdc\xb8\x2c\x9e\x1f\x3e\x45\xf3\xf8\x31\xdb"
	"\x3e\xff\x79\xee\xc6\xba\x3e\xb7\x83\x32\x61\x80\xe7\xf3\xa8\xdb"
	"\x39\x1c\xd7\x9c\xe4\xb5\x17\xd4\xd5\x52\xe1\xc9\x91\xe0\x8e\x64"
	"\x1c\x8e\x2f\x4f\x29\x9d\xfa\x32\x50\x0c\xbd\x23\x4e\xbb\xe0\x0b"
	"\x03\xa6\x4c\xdd\x07\x4e\xc6\x08\x00\xb4\x3a\x92\x10\xe3\x78\x02"
	"\xd8\x8b\xb6\xb4\x66\x04\x2a\xd2\x77\x94\xad\x7b\xe2\xc4\x72\x5b"
	"\xa7\x45\x48\xe3\xae\x88\x9c\x82\x34\x1e\xe8\x03\xae\xe1\x86\xc4"
	"\x00\x45\xe2\x92\xc2\xe5\x71\x2b\xae\xbc\xf3\x1c\x27\xb0\xc1\xda"
	"\x0d\x45\x1b\x8a\xee\xbc\x85\x63\x03\xc9\x59\xe1\x8e\x91\xca\x06"
	"\x84\x63\x70\xd8\x81\x65\x09\x33\xce\xf6\xfa\x97\x17\x62\x84\x3f"
	"\x5a\x51\x5d\xf7\x92\xae\x6c\x48\x96\x16\x6c\x6b\xae\xa8\xa8\x0a"
	"\x63\x51\x1f\x39\x52\x53\xfb\x58\xac\x8d\x6c\xaf\x89\x0b\x72\x6f"
	"\xc5\x58\xa5\x30\x61\xd7\xb7\x28\xa9\xc7\x35\x55\x6c\x83\x46\x2b"
	"\xc7\x35\x24\x6c\xbb\xa2\x7c\xcf\xaa\xf5\xad\xbc\x0e\x65\x57\xc5"
	"\xc1\x0a\xa9\x6b\x1b\x04\x36\x9e\x0b\x92\x35\x45\x48\x6e\x84\x5a"
	"\x61\x09\xb7\x6a\xeb\x2e\xdf\xc0\xbd\x6b\x6a\xad\x81\x94\x56\x4d"
	"\x7d\x83\x62\xe5\x35\x2d\x2b\x28\xe7\x4b\xec\x10\x5b\x81\x61\xe9"
	"\x5e\x86\xb0\x63\x7d\x8b\x0d\x65\x64\x9f\x8e\x95\x36\xc5\x14\x89"
	"\xeb\xcd\x3d\xa4\x5d\x88\x35\x6d\x80\xc5\x95\x1f\xc0\xee\x29\xa9"
	"\xad\x96\x75\x2f\x7a\x69\x58\x75\xdb\x70\xbc\xa0\xc5\xea\xe8\x5b"
	"\x61\x24\xb2\x76\x99\x3c\x66\x65\x49\x0e\x71\x29\x3a\x26\xce\xad"
	"\xe8\x53\xba\xc9\x13\x1b\xca\xde\x1c\xe5\xc5\xd7\x5f\x94\xac\xc9"
	"\x3a\xe0\x51\xf4\xfc\xb9\x55\x1f\x79\x81\xc6\x3b\x1a\xa2\xd2\x2c"
	"\xce\x58\x75\x8b\x30\x6a\x97\x76\x84\xdd\xa2\x26\xb5\x8a\x3b\xc4"
	"\x7c\xb7\xc9\x33\x7b\x45\xf0\xda\x99\x5b\xad\xfa\xbe\xb2\xb6\xb5"
	"\xba\x08\x97\xab\x68\xbe\xf4\xac\xc2\x26\x4b\x82\xcb\x84\x60\xbc"
	"\xf3\xf2\x4d\xbf\x6f\xc0\xd2\x38\xc0\x4b\x23\xb8\x2e\x3e\x12\x93"
	"\xb0\xae\x8c\xed\x61\xcf\xd9\xd6\xb0\x7f\xb2\xcd\x2b\x38\x6b\xc1"
	"\x11\x86\x05\x64\x3f\x6a\xd2\xd3\x92\x06\x9e\x01\x06\x7b\xfd\xb8"
	"\xed\xc5\xa1\x3c\xf4\xc0\x97\xe9\x30\x9e\xb2\xc4\xd0\x23\xcb\x23"
	"\x53\x53\xb4\x2a\xa9\x8a\x98\x8b\x5f\xfb\x2d\xde\xff\x27\xf8\xa7"
	"\x56\x25\xc9\x28\xdb\xc7\x9b\x12\x92\xdd\xe1\x9f\x92\x1f\x48\x59"
	"\xc6\x06\x84\x1a\xb9\x6c\xb4\x39\xc2\xc5\x2c\x54\xae\xc8\xa3\xf8"
	"\x58\xd5\xa5\x66\xc2\x0a\xc7\x13\x11\x3e\x1e\x9e\xc4\x43\xb8\x31"
	"\xb0\xaf\x52\x9d\x47\xdc\xd6\x60\xdf\x48\xfc\x76\x7d\xc7\x90\x5b"
	"\x18\xf6\x77\xe0\x0f\xcf\x9f\x7b\x56\xd0\x42\xc9\xed\x34\x54\x37"
	"\xa4\x62\x15\x35\x26\x03\xd0\x4f\xb7\x1b\xe9\x8e\xe4\x5c\x8c\xc5"
	"\xf8\x26\x07\x6b\x2f\x19\x35\xd9\x66\xb9\x2f\xee\xd7\xf3\x05\x6e"
	"\x63\xd5\xa9\x60\x14\x52\x49\x42\x48\x15\xc8\x5d\x84\x5b\xc1\x7d"
	"\x05\x91\xcf\xc8\xb6\x8b\x43\x63\xc4\xa5\x61\x2a\x97\xed\xb7\x60"
	"\xef\xb8\x06\x75\xe9\x28\x8a\xdf\x7f\x7e\x3c\x3d\x3e\x3c\xcf\x92"
	"\x87\x9f\x62\xb9\xa5\x5d\x43\x14\xbb\xd3\x64\xbf\x0c\x36\x54\xc9"
	"\x1d\x4b\xf2\xf1\x10\xd0\x41\xb2\x36\x35\x69\x73\xa4\x2c\xde\xab"
	"\xcf\xc2\x5d\xcc\x66\xbf\x31\x24\x04\x96\x9b\x68\x58\x48\x72\xc8"
	"\xff\x98\x15\xbc\x89\x58\x5a\xe5\x50\x36\x7c\x79\x2b\xa0\xa6\x5d"
	"\x61\x29\x8a\x9b\x24\xc8\x6b\xb1\xab\xa3\x13\xa8\xef\x51\x31\x2c"
	"\xad\x3b\x35\xe9\xe4\x37\xf7\x69\xa1\x66\xe3\xbc\xef\x34\x8b\xa4"
	"\xcb\xdc\x71\x44\xf3\x75\x52\x68\x83\x9f\xf5\xeb\xc3\x56\x81\x59"
	"\xa5\xa4\x53\x6d\xd7\x9a\x93\xaa\x68\x57\xa0\x93\x71\x04\x05\x41"
	"\x8c\x13\xc6\x6f\x84\x72\x44\x63\x1d\x0a\x4c\xa0\x91\x9e\x33\xeb"
	"\xf9\x5c\xc3\xef\xb7\x57\xb2\x3a\x6d\x36\x75\x14\xc1\xb5\x3e\x77"
	"\xf0\x3e\xc3\x2a\xf6\x6a\xde\xe7\xf7\xa7\xb7\xdf\xcf\xef\xc2\xc0"
	"\xaf\xfb\xe8\xea\x38\xd8\xef\xc7\xd6\xa1\x21\xbf\x76\x69\x64\xf7"
	"\x1b\x9f\x78\xea\xe6\x23\xc1\x52\x71\x48\x53\xd9\x1b\xc5\x03\xdb"
	"\x33\x6c\xcc\x66\x05\x3c\x2e\x77\x76\x71\x19\x50\x40\xbc\x0b\xde"
	"\x88\xe7\x4d\x45\x20\x69\xe8\xfb\x5e\x60\x82\x88\xb9\x99\xeb\x2e"
	"\x5d\x33\xdf\x94\x2d\x3c\xbf\xc3\xd7\x53\x6c\x8b\x25\x0c\x18\x98"
	"\xcc\x34\xa3\xee\xb8\x6b\x8f\x65\xb8\x14\xe3\x71\xc2\x00\x33\x39"
	"\x51\x18\x6f\x28\xc9\x40\xa7\xf8\xfe\x7c\x12\x6f\xe0\xe2\x5f\xce"
	"\xe3\x4a\xd9\xa2\x8a\xba\xed\xeb\x61\xab\xbe\x6e\xd4\x8c\xa8\x0c"
	"\xa6\x30\x2a\x51\xb9\xbd\xd9\x8a\xcc\x54\x91\x65\x26\x66\x26\x2a"
	"\x2a\x85\x68\x03\xd7\x8d\xe6\x11\x2f\x9a\xa0\x6b\x42\xdd\x89\x84"
	"\xd1\xed\xea\x96\x36\xf2\x77\xeb\x60\x55\xa1\x92\x8a\x29\xa9\xf5"
	"\xd4\xe3\x25\x9d\x2a\x68\x42\x82\xb1\x51\xa5\xd1\xf6\x6c\x75\x4c"
	"\xa3\xd3\xd2\x6c\xf9\xa4\xcc\xf7\x21\xe7\xea\x71\x29\xfc\x39\xbe"
	"\x16\x3d\xa4\x77\x55\x84\x54\xf7\x05\xa5\x39\x9a\xb8\xf0\xf2\xcd"
	"\x78\x9a\xa4\xc3\x64\x86\xe7\x19\x35\x18\xee\x00\x04\x99\x65\xb9"
	"\x61\xa5\x74\xc1\xde\x53\x69\x26\x76\xe0\xad\xb0\x54\x34\xf2\x66"
	"\x43\x6e\x28\x66\xba\x89\xd3\xdb\x90\x8c\xa5\x36\xa5\x29\x76\xad"
	"\x97\x13\x35\x09\x04\x66\xb1\xc9\x9a\xb6\x84\x01\x6b\x62\xd7\x03"
	"\x5e\x61\xe0\x4d\x0c\x7a\xc8\xd3\xb7\x82\x0b\xa2\x66\x7b\x96\x55"
	"\x86\xcf\x12\xed\xd4\xb1\xab\xb1\xc5\x69\x22\xc3\xa1\x60\x17\x57"
	"\xc3\xa4\x17\x18\x30\x15\x07\x09\x55\xee\x9e\xde\x52\x56\xf3\x71"
	"\xde\x00\x38\xed\x17\x06\xcc\x69\x07\x31\x64\x4e\x7a\x8a\x01\x73"
	"\xd2\x65\x0c\x78\x5d\xdf\x81\x15\x3d\x2e\xa8\x7e\x32\xf2\xfa\x5f"
	"\x19\x52\xef\x19\xe6\xd8\x3f\x65\x22\xd0\xea\xe7\xdb\xf9\x8b\xf6"
	"\xba\x6d\xbb\x72\xa8\x29\x8f\x6f\x90\xa5\xcc\xd7\x95\xaf\x2a\xc2"
	"\xa6\xc8\x93\x98\x0e\xa6\xa7\xf7\x45\x56\x74\x3c\xcd\x1c\x53\x2c"
	"\x6a\xa5\x77\x03\x7e\x9c\x25\x26\xa1\x8d\x32\x83\x1f\x5c\x95\x1f"
	"\x4d\x38\xb5\xf4\xd6\x1d\xb0\x53\x1a\x0a\x82\x53\xcb\xb2\xce\x6c"
	"\xfc\x66\xff\xf5\x80\x62\x68\x58\xe6\x10\x57\x9a\x6a\xa2\x29\x75"
	"\x48\xd1\x2f\x90\x68\x4a\xbe\xd4\xa8\x96\x1b\x11\x2a\x5e\x7e\x9a"
	"\x32\xe4\xe4\x77\x3b\x1c\xb5\x7b\x0e\x4b\x37\x2c\x0c\xd9\xc5\xa7"
	"\x5c\xf3\x2c\xac\xff\x60\x4d\x65\x60\x35\xbc\x28\xd5\xd8\x04\x13"
	"\x00\x7a\x5a\x3c\x45\x57\x65\x64\x7a\x9b\x56\xb7\x7c\x23\x26\x2c"
	"\x87\xb8\x1a\x9e\xa8\xf6\xbc\x34\x8f\x39\x6c\x22\x88\x22\x54\x8c"
	"\x8e\x7d\x0a\x7b\x4c\xb2\x4d\xc3\xae\x23\xba\x45\x80\x58\x4f\x36"
	"\xf5\x51\xf7\xd1\x1a\x2c\xdd\x99\xbe\x5b\xf3\x80\xac\x9a\xec\x46"
	"\xe9\xf8\x52\xe9\x6a\x36\x69\x01\x31\xff\x28\xc3\x36\x5d\x3a\xa4"
	"\x46\xad\x5d\x40\x97\xd6\xff\x68\xd8\x39\x69\x11\x62\xa8\x3d\xe4"
	"\xe5\x9d\x05\xa5\x04\xe8\xd0\x62\xfa\xe0\x3e\x26\x8c\x0c\x4e\x64"
	"\x93\xa3\xce\x2c\xf5\xa8\xe9\x99\xe4\x61\xa3\x5b\x07\xa7\xa3\x53"
	"\x47\xf1\x2f\x6a\xd6\xc0\x2b\x58\x09\xc3\x46\x1e\xc1\x22\x40\xe9"
	"\x54\x80\x4f\x13\xd1\x34\x28\x49\x64\x58\x6b\x38\x8d\x1c\x43\xaa"
	"\x92\x9c\x9a\x7e\xa4\x1d\xd0\xdb\xb0\xd7\xad\x04\x52\x34\x3c\x94"
	"\x1b\x1f\x03\x3f\xd9\x43\xc9\xd9\xbd\x68\xdc\x29\x9d\x10\xd5\x03"
	"\x6a\x10\xb2\x19\xb7\xef\x0b\xa9\x0f\xfd\x73\x8d\xf1\x73\x65\x85"
	"\x4c\xac\x7e\x4b\x06\x2e\xb6\xbc\x4e\x47\x33\x1c\x0e\x73\x87\x9a"
	"\x68\x63\xa2\x82\x00\xb9\xc5\xf5\x63\x48\x29\x65\xd4\x6f\xb9\xa0"
	"\x56\xd5\x7b\xe9\xa1\x40\x2a\xa6\x66\x52\x92\x2c\x07\x6f\xcb\x50"
	"\xd8\x56\x5c\x8d\x3f\x45\x28\x79\x4b\x2a\xa6\x0a\x16\x8a\x80\xa4"
	"\x06\x4c\xc6\x32\x92\x9e\xba\xfa\xcd\x1d\x90\x50\x9e\x8a\x2a\x9f"
	"\xa6\x08\x4d\xe9\x3f\x79\xf8\x4f\x59\xb0\x1b\xfc\xe2\x40\x12\x29"
	"\x53\xf1\x2b\x46\xbe\x83\x87\xbb\xa1\x8b\xd4\x85\xd4\x08\x7d\xc2"
	"\x39\x2f\xe7\xf9\x38\x8e\xd0\x15\x51\x98\x85\x8a\x75\x78\x15\xa5"
	"\xfa\x47\x73\x31\xdd\x2b\x09\x47\x36\x95\xc7\xb8\x6a\xed\x58\x50"
	"\x70\x19\x42\x74\x34\x16\x54\x04\xbf\xc7\xa7\x09\x13\x8c\xe2\x31"
	"\x21\x2d\x27\x8e\x20\xbc\x3c\x2e\x1c\xb9\xa7\x27\x2b\x71\xb3\xc4"
	"\x32\x5a\x0a\xee\x3e\x26\x42\x70\x8a\xc4\x47\x6e\x5b\xda\x3e\xae"
	"\xd3\xa6\xda\x89\x7e\x89\x95\x47\x14\x17\x1e\xf0\x97\xd4\x90\xdf"
	"\x0a\x65\xd7\x7c\x47\x0d\xcc\x70\x17\x07\x65\x9e\xe0\xcf\xd3\x7b"
	"\xb1\xf6\xc7\x15\xd0\xc7\xac\x2e\x0c\x98\x14\x09\xb2\x75\xad\x95"
	"\x23\xcb\x72\xdc\x52\x60\x77\x57\xf0\x69\x1a\xde\x37\x31\x66\x05"
	"\x2c\xe5\x55\xac\xdf\xa4\x65\x07\xe9\xc8\x3a\xe8\xee\xc0\xad\x55"
	"\x46\x24\x1c\x8d\x86\x17\x6a\x33\xb9\x0d\x32\x06\x6d\x4a\x38\x27"
	"\xc8\xe0\x6c\x66\x77\x80\x8d\xf4\x6c\xcb\xa6\x37\xef\xe0\x3e\x8d"
	"\x66\xc2\xdb\x4a\xa0\x69\xe0\x21\x57\x68\xaf\x00\xdf\x00\x80\x44"
	"\xcb\xc8\xc9\x59\xcf\xc7\x42\xb2\x48\x7e\x41\xc9\xda\xf7\x0c\x00"
	"\x34\x94\x60\x2b\xbe\xf0\xd6\x8b\x85\x99\xef\xbb\x26\xbe\xef\xbb"
	"\x8e\x6e\xd2\x70\xe5\xb6\xb9\x16\x26\x55\x24\x99\x9e\x59\x74\x60"
	"\x7c\xf5\xca\x47\x36\xdd\x7b\x3e\x16\x66\xe2\xaa\x39\x24\x12\xe3"
	"\x05\x10\x78\x16\xc0\xda\x0f\x36\xd8\xe7\xcb\x55\x8b\xb4\xc1\x66"
	"\xef\x2a\x66\x2b\x79\x3b\x02\x67\xbf\x53\xeb\x0d\xc5\xc2\xd7\x5d"
	"\xf0\x39\x72\x0f\xb7\x7d\x39\x12\x4c\x53\x32\x4b\xb6\x85\xf1\x0b"
	"\x39\x60\x6b\x2d\x33\x74\x57\x73\x93\x7a\x2b\xcf\x5f\x1b\xaa\xa7"
	"\xa2\x24\xf0\x91\xc8\x92\x2d\x20\xa1\xfe\x1a\xbb\x7e\x7f\xb1\x7d"
	"\xff\x2f\x9c\x1f\x73\xcf\x89\x12\xcf\x59\x1f\xad\x18\x25\xe4\xee"
	"\x48\xd3\x70\xe0\x21\xc6\xf9\xde\x6f\xef\xda\x9e\xa5\x77\xeb\xaf"
	"\xcf\x4f\x2f\x7f\xfc\xdd\xf9\x87\x5c\xa6\x96\xdb\xcd\xac\xbb\x3f"
	"\xf7\xe7\x0b\xe4\x22\xd2\x5c\x7d\x9d\xfd\xfd\x7a\x6d\xe5\x1f\xd3"
	"\x1e\x01\x8e\xeb\x52\xb4\x2c\x10\xf2\xbf\x8c\x1b\x25\x68\xa9\xe4"
	"\xf1\x13\xc7\xdc\x00\x24\xbf\xe6\xcc\x50\x9d\xd2\x9e\xfa\x83\xd7"
	"\x26\x09\x73\xb4\x4d\xc2\x1c\x31\xcd\x61\x75\x40\x92\xa1\x4e\xaa"
	"\xf7\xa7\xef\xdf\x47\x87\x69\xc3\x6b\x03\x6a\xb7\xdb\xdf\x26\x98"
	"\xc4\x8e\x1c\x71\x73\xd1\xb9\xee\xf2\xca\x60\x24\x1d\x70\xc7\xc4"
	"\x94\x70\x83\xf9\xb5\x8d\xa0\xe6\xfb\x67\x23\x28\x2d\x6a\x3b\xc8"
	"\xdc\x41\xf6\xa8\xfe\xd2\xc7\xb8\x86\xa4\xf2\x9e\xde\x3e\x21\xf3"
	"\xe0\xc7\xec\xb3\xd5\xe0\xd5\x7a\xb2\xf3\xe7\x6f\x4f\xcf\x9f\x90"
	"\xc9\x4a\x66\x6d\x9a\xfd\x1d\x14\xfd\xf9\xf0\xfe\xfd\xfc\x39\x35"
	"\x9d\x8b\x4a\xc5\x84\x95\xc7\x58\x54\xed\xf1\x07\x12\xa1\x7d\x62"
	"\xc7\x15\x24\x43\x8e\x06\xda\xa9\x63\xbc\x11\x8b\x10\x24\x9a\x79"
	"\x2c\x7e\x66\x62\x6e\x90\xe9\x4e\x0e\x58\xa8\xdb\xa9\x00\xea\xf8"
	"\xbf\x6e\xf5\x0c\x46\x3e\xde\xb1\x96\x4c\x7c\x95\x2a\xd9\xba\x69"
	"\xd5\x90\x7f\x57\x9e\x72\x98\x3d\x07\x8b\x89\xe4\x2b\x0b\xf6\x94"
	"\x12\xfc\x1d\x43\x20\x28\xab\x81\xa5\x39\xb3\xbf\xf1\x8a\xae\xd9"
	"\xe4\xed\x58\xb4\x76\xc9\x3c\x82\xa7\x2a\xce\xa6\x70\x49\xf4\xd8"
	"\xbe\x04\x47\xc9\xce\x2d\x49\xa8\xce\x25\xba\xac\x28\x9c\xea\x0c"
	"\xbc\xeb\x2b\x7a\x99\x2e\x0d\x48\x3b\x2a\x66\x7f\x27\x3d\xb1\x0f"
	"\xf5\xfc\xb7\xf7\xcf\xc7\xf9\xdf\x86\x00\xc1\xac\xf2\x1d\x1d\x3f"
	"\xd5\x11\x95\xa7\x2e\x45\x06\x08\xb6\x24\x06\x5e\xb6\x17\xf3\xbf"
	"\xbe\x4f\x12\x84\xd9\x53\x9f\xcd\x66\xd0\x2b\x01\x10\x0e\x8c\x2f"
	"\xb6\xa4\xd2\x21\x5a\xac\x86\xac\x84\xc6\x1d\xd2\x9b\x3a\x66\x8d"
	"\x1a\x24\x77\x5c\xea\x72\x3f\xd9\x1e\xb9\x5c\x91\x83\x92\x6a\x66"
	"\x88\xfd\x73\x64\xb3\xf1\xbf\x32\x24\x23\xc0\x15\x74\x5c\x21\x0e"
	"\xb8\x3d\x24\xe4\x68\x88\xf6\x21\x04\x09\x01\x32\x80\x04\xc8\xa1"
	"\x67\x0f\xd9\x9d\xd2\x95\x1f\x98\xcb\x2b\x16\xc6\xc1\x1a\x59\xaf"
	"\xf4\x98\x92\xfb\xd4\xb3\xbc\x2b\xe6\x89\xe3\xce\x57\x37\x60\x5c"
	"\xb3\xa0\xa3\x80\xf8\x46\x44\x41\x23\x34\xf6\xce\x08\x33\x0f\x6e"
	"\x00\xdd\x82\x59\x59\x74\xb8\x70\xaa\x95\x59\x85\x9b\x7b\xcf\xbd"
	"\x33\x22\xb8\x58\x3f\xac\x11\x3f\x9d\x1e\x13\xa5\x68\x14\xbd\x4b"
	"\x5d\x09\xf3\x73\xac\x10\x1f\x09\x9a\x36\x94\xe2\x9a\x6b\x81\xa5"
	"\xde\xdc\x35\x5b\x71\xb9\x5f\xad\xc6\x3e\x53\x6d\x18\x12\xb1\x80"
	"\xb7\x34\x35\xd0\xe8\xda\xae\xf4\xf5\xc2\xde\xd0\x5c\x3b\xc4\xb7"
	"\x42\x16\x9e\x1d\x62\x6f\xd1\xeb\xb9\xbd\x29\x22\xb7\x10\x2e\x2a"
	"\x5d\x63\xb1\x4d\xaf\x55\xb7\xb0\xd7\x2e\xa4\x88\xb7\x37\xf9\xc5"
	"\xea\x86\xae\xc3\xb5\x35\x1f\xd7\xb1\xb4\xd5\x94\x16\xcb\xb5\x8f"
	"\x0c\x25\x9a\x50\xb1\x60\x3f\x70\x88\x75\x43\x97\x1d\x72\x0f\xf3"
	"\x32\x1f\x97\xd0\x66\xc8\xc2\x8e\xd6\xe3\x8b\x3c\xe3\xbb\x43\xd6"
	"\x72\x38\xee\x2a\xb0\x19\x08\x96\xfb\x6b\x08\xf1\xad\x96\x18\xac"
	"\xfc\x26\x22\x69\x9c\x9c\x6c\xc8\xe5\xc2\xd6\x38\xdc\xc5\xdc\xdc"
	"\xc4\x78\x75\xe7\x2c\x2b\x62\x31\x94\xc5\xaa\xb2\x7c\x3d\x40\x3c"
	"\xdf\x0a\xf1\xd7\x66\x08\x4f\x03\xd7\xf2\x51\x9b\xfb\xc5\xca\x62"
	"\xb4\x65\xe1\x53\x4b\x2b\x03\x83\x30\xb7\xa0\xaf\xa7\xec\x3e\x2d"
	"\x26\x16\xf3\xfa\xf2\x05\x56\x33\x16\x7b\x29\x92\xb9\xa5\x9f\x07"
	"\x84\xb9\x88\x51\x25\xfe\xb2\x8d\x05\x45\xba\x3a\x6a\x97\xdc\x3d"
	"\x00\xd6\xa3\xea\x74\x4b\x56\x7c\xb6\xe7\x66\x25\x2e\x15\x57\xca"
	"\x4b\xf8\x2b\x7e\x7e\xf9\x10\x0b\x76\x8b\x0a\x06\x81\x15\x60\x6d"
	"\xaa\xf3\x3d\x4c\xc9\xf5\xe2\xff\x35\xcd\xdc\x85\x8a\xf8\xa9\x0b"
	"\xc0\x34\xbf\x9c\x20\x36\x2c\xdb\x8e\x32\xc6\x01\xad\x4b\x23\x24"
	"\x37\x15\x33\x96\xf0\x31\x37\x1f\xc5\xac\x80\x2b\xaf\x25\x11\x46"
	"\xb8\x85\x57\x68\x17\x69\x29\x6c\xcd\x26\x73\x24\x4f\xb1\x0c\x1e"
	"\x8e\x3d\x0b\x6e\x09\x09\x38\x8f\x13\x64\x1d\x91\x8a\xb9\x93\x50"
	"\xd6\x5e\x6f\xdb\x45\xe2\x79\xf3\x06\x13\xde\xe5\x61\xe1\x28\xa0"
	"\xf5\x70\xb3\xb1\x5b\x9b\x37\xbf\x65\x43\x52\x33\x60\x07\xdf\xd8"
	"\xa4\x5b\xe4\x8a\xc4\x15\xa3\x31\x09\xc9\xdc\x42\x66\x6e\x79\xb3"
	"\x76\xfc\x50\x47\x37\xac\x52\x25\xac\xa0\x31\x5e\x0b\xe1\x01\x44"
	"\x50\x13\x4f\x9b\x55\x01\xe4\xd1\xe7\xa7\xf3\xcb\xe7\xc8\xd8\x09"
	"\x3f\x65\x62\x5d\x8c\x2b\x56\xd0\xb5\xcb\x15\x41\xdf\xd4\xd1\x34"
	"\xae\x85\x94\x07\xce\xb2\xa3\xb3\xba\x83\xa4\xeb\x5f\x20\x7d\x66"
	"\x41\x2d\x42\x5e\x53\x32\x7d\x14\x2e\x52\x1f\x35\xf7\x0d\xfa\x53"
	"\x54\xe5\xee\x1f\x44\x79\x45\x22\xb8\x02\xaf\x80\xd6\x2d\xd6\xcc"
	"\x71\x79\x8f\x62\x42\xb1\x7e\xb4\x61\x08\x12\x47\x16\x78\x9c\x95"
	"\x34\x47\x56\x6a\xb2\x0c\xa2\x8e\xbb\x0b\xa6\x28\x26\x63\xd5\x11"
	"\x17\x50\xd6\xd8\xad\x27\xc1\x4d\xa3\xc0\x5d\xe8\x35\xd5\x7a\x67"
	"\xef\x48\xc9\xc2\x76\x8d\x7c\x4d\xd0\x13\x21\xfb\x57\xd0\x07\xf5"
	"\x09\x46\x26\x86\xb0\x7f\x7a\x17\x26\xa0\xeb\x48\xe1\xb1\xf6\x53"
	"\x51\xa9\x50\x9c\x34\xd6\x1c\x7a\x42\x6e\x80\x8f\xd7\xdf\x3e\x67"
	"\xbb\x9f\x6f\xe7\xf7\x2f\xfb\xd9\xf7\x3f\xcf\x1f\x9f\xba\xf8\x31"
	"\xbb\x53\xc1\x60\x4d\xcd\x69\x81\xa5\xc3\xdb\x8b\xda\x68\x3b\x64"
	"\x3c\x8d\xa6\x26\x71\x76\x5c\x22\x77\x17\x8b\x32\xe6\xa9\x0b\xe7"
	"\xfb\x5a\xb6\x68\xc3\x2c\x8c\x91\xb1\x29\x59\x39\x6b\xb7\xc6\x98"
	"\x58\x8a\x49\x78\x6e\xe9\x7a\x1b\x64\xc4\x5b\x2d\x1d\x4c\xe6\xca"
	"\x59\xad\x18\xc6\x5b\xb9\xee\x86\x21\x2f\xe4\x3e\xb6\x9a\xde\x57"
	"\x41\xe0\xfb\x38\x2b\x98\xee\x6d\x88\x2a\xfe\xf8\xec\x6e\xfc\x5f"
	"\x0c\xa5\xcd\x4e\xff\xf8\x78\x7e\x3e\xbf\xbf\xfe\x38\x7f\x2a\xe6"
	"\x43\x44\x83\x77\x02\x17\x99\x07\xf5\x5c\xcf\xc8\x5d\x9b\xb8\xe3"
	"\xab\x98\x6d\x69\x5e\x1e\x9e\x5f\xbf\xcf\x3e\x85\x3d\x3f\x7d\x7f"
	"\xfa\x7c\x78\x86\xfd\x56\x51\xdc\x69\xd9\x96\x01\x92\x22\x4d\xb0"
	"\x96\xc8\x5a\x5c\xb0\x56\x0e\xfa\x94\x83\x38\xa9\x0b\x96\xe2\x3c"
	"\x3e\x2c\x6a\x5f\xce\x5f\x9f\xbe\x7c\x7b\x7a\x3f\x3f\x42\x77\x8c"
	"\x16\xba\x5a\x2a\x61\xe3\x5b\xf6\xc3\xdb\xc3\xa3\x10\xf2\xf2\x78"
	"\xbe\xe9\xcb\x1d\x1f\xfd\x3c\xc7\x47\xbf\x61\xb9\x98\xbe\x39\x94"
	"\x25\x16\xbf\xda\x37\xf2\x9f\x2f\x9f\xbf\x9f\x3f\x9e\x94\x17\xae"
	"\x57\x1e\x26\x55\xb0\x16\x1a\xa9\xad\xb8\xef\x3f\x45\x1f\xf2\xf8"
	"\xfa\x76\x16\x2c\x98\xf0\x69\xac\x6b\x1e\x4c\x15\x9b\x9d\x3f\xff"
	"\xfb\xfa\xfe\x87\x54\xf0\xcf\xff\x3b\xbf\xff\xcf\x2c\xfe\xf1\x76"
	"\xfe\x26\xd5\x43\x11\x9d\xf8\x6b\x6f\xba\xcd\x90\x3c\x7d\xff\xfd"
	"\x53\xf7\xee\x8a\x27\xee\x5f\xcb\xbf\xa6\x55\x2a\x6a\xef\x3f\xe7"
	"\xd9\xf9\xe5\xfc\xfe\xfd\xe7\x4c\xb6\x08\x68\x31\x31\x1d\xbf\x8c"
	"\x2d\xb1\xe8\xc5\x2d\x6f\x61\xe0\xad\x0c\xbc\x35\xca\x5b\xf9\x53"
	"\x2d\x97\xe7\x8f\xd7\x67\x38\xfb\xba\xc1\x64\x5c\xbe\xc6\x4c\xc6"
	"\x15\x0b\xd3\xb9\x89\xe9\x4c\x6b\xa8\x3f\x60\x9a\x7d\x81\x5e\xe5"
	"\xe5\x9b\x68\x08\x2f\x67\x25\xdd\x2d\x4f\xb1\x28\xd0\x82\x79\xdc"
	"\x4e\x27\x48\xfc\xed\xfc\xf0\xc7\x9f\x6f\xf0\x0d\xe2\xc3\x84\xcd"
	"\xbc\x9d\xcf\x8f\xbf\x8f\x12\xc1\xb4\x43\x44\xf3\xff\xac\x5d\x5b"
	"\x73\xe3\xb6\x92\x7e\xdf\x5f\xa1\x9a\xa7\xa4\x6a\x73\x86\xa4\x6e"
	"\xd4\xc3\x3c\x40\x24\x25\x61\x44\x8a\x10\x41\x52\xf2\xbc\xb0\x1c"
	"\x5b\xc9\xb8\xd6\xb2\x66\x6d\x39\x97\xf3\xeb\x17\x0d\x90\x12\x01"
	"\xa2\x29\xa7\xce\x9e\x9c\x4a\x2c\xf4\x47\x10\x00\x71\x69\x00\xdd"
	"\x5f\x77\xe8\x53\xeb\xf1\xf8\xf8\x7a\x7a\x7a\xbc\x6a\x42\x84\xaf"
	"\x8c\x05\x96\x6c\xc2\x0c\x0c\x88\x4a\x23\xac\x91\x21\x8e\xd3\x1d"
	"\x98\x2f\xa4\xd9\x5d\xb5\xa6\x71\xdc\xb6\xa8\x44\x21\xd2\x24\x54"
	"\x59\xeb\x55\xa9\xd0\x21\x49\xf8\xb5\x2a\x49\x5c\xb4\xe9\xfd\xa8"
	"\x4e\x1c\x07\x56\x7d\x70\xcc\x2e\x14\x9d\x55\x44\xec\x91\x98\xa4"
	"\x5d\x21\xc9\xca\x28\x2d\xf2\x1b\xa8\x55\xb1\x59\xdf\x80\x08\x1d"
	"\xaf\x17\xb0\x48\xb3\x20\x92\xaa\x20\xaa\x2d\x2a\x53\xc4\x05\xd0"
	"\xf5\x65\x51\x04\xf6\x91\x92\x52\x4b\x6c\x4b\x10\x92\x8d\xe6\xa3"
	"\xcd\x53\x8c\x39\x59\x6c\x9a\x2a\xb1\x61\x9a\x7a\x23\xe4\x76\x18"
	"\x73\xbd\x0e\x97\x48\x21\x97\xbc\x82\xf0\x44\x10\xbd\x1b\x53\x10"
	"\x12\x68\x8f\x78\x5d\xed\xe3\x0d\xc4\x1c\x5c\xef\xbe\x21\xa5\x83"
	"\xd0\xb8\x0b\x7b\x36\x3b\x1a\x07\xae\xe3\x38\x1d\xa3\x35\x0b\x02"
	"\x33\x59\xc2\xf8\x6c\xd6\x7c\x8a\xed\xdc\x97\x59\x74\x87\x39\x31"
	"\x2a\x1b\x36\x79\x13\x12\x04\xe2\x03\xfd\x7f\x99\x83\xe7\x01\xb3"
	"\x1b\x29\x30\x3a\xb2\xcc\xbc\xdb\xf7\xfb\xe7\x87\xd3\xf1\x38\x20"
	"\x62\x3d\x11\x8b\xc0\x20\x88\xc3\xc1\x0e\x3c\x9a\x8f\xa7\xc7\xf7"
	"\xe7\xc3\x75\x90\x6e\x03\x22\x9a\x3f\xac\x40\xd8\xb2\x12\x6f\xa5"
	"\xd6\x96\x95\xd1\x97\x4f\x8f\x87\xdf\xee\xdf\x9f\xcf\xad\x6b\xa8"
	"\x65\x1a\x87\x0b\x8a\x58\x06\x05\xab\x4c\x28\x82\x17\xd6\x31\x8e"
	"\x97\xf2\x2c\x26\x9a\x97\x93\x58\xcd\x9f\x0e\x6f\x83\xa7\x97\x87"
	"\x7f\x0d\xc0\x51\xeb\x0d\x2c\x06\x7e\x7b\x7a\xa8\x39\x92\xba\x2e"
	"\xaa\xa0\xc8\x47\xfb\xbc\xaa\x37\x46\xed\xe2\xa7\x6a\xf3\x52\xb5"
	"\x19\x99\xe5\xc5\x7e\x16\x95\x6d\xf3\x5a\xb1\xe3\xd6\xf6\x69\xec"
	"\xa2\x22\xc3\x36\xd9\xbe\xc5\x6d\x83\x36\x21\x03\xa0\x76\x5f\xc9"
	"\x40\xe3\xc7\xb8\x75\x0c\x70\x19\xe5\x2b\xe0\x5e\xb1\xa0\x95\x1f"
	"\x42\x6b\x4c\x51\x30\x46\xa1\x92\xaa\x13\x36\x22\x30\x13\xd8\x58"
	"\xaa\x45\x6e\x1a\xe3\x85\x91\x7b\x3b\x1d\xbd\x42\x04\xd9\x2e\xa4"
	"\x55\xb1\xa1\x0b\x1a\x35\x41\x26\xb5\x47\x23\x2b\x23\xba\x72\x03"
	"\x32\x8b\x00\x8e\x49\xf6\x4a\x4a\xef\x22\x90\xb5\x66\x69\xf1\x70"
	"\x95\xac\x28\xf4\xbb\xfd\x9d\x35\x9d\x26\x60\x4f\xba\x21\x9a\xb1"
	"\x3d\x14\xaa\x6d\xef\x0c\xbd\xc3\x75\x49\x78\xb5\x81\xe5\x51\x94"
	"\x28\x62\x2c\xa3\x32\x43\x68\xd9\xb0\x48\x18\x7e\x26\x21\xfd\xf1"
	"\xa0\x6e\x45\x4e\x6d\x9e\x60\x62\x0a\x83\x41\x1f\xa7\xe9\xba\x68"
	"\xf3\x59\x93\x32\x92\xf3\x1c\xcb\x22\x46\xda\x81\x11\xaf\x73\xe0"
	"\x25\x00\x9b\x0a\xc6\x17\x3c\x9f\x1e\xfe\x47\x45\xb6\x07\x35\xac"
	"\x3d\x17\xb4\xe6\x4d\xe8\x01\x44\x14\xc5\x3e\xe9\x03\x62\xc5\xc3"
	"\xf5\xad\xd9\x97\xd3\xf1\x70\xec\x7e\x00\xe5\x8e\x3e\x00\x42\xe2"
	"\x45\xb4\x40\x41\x18\x44\x53\x64\xdf\x60\xc0\x66\xc8\xed\x57\x1b"
	"\xc6\x21\x7c\x64\x85\x04\x51\x04\xc4\x36\xcd\xa8\x2d\x60\x68\x7b"
	"\x01\x82\x53\x88\x76\x7f\x68\xc9\x36\x7b\x76\xab\x0c\x98\xf1\x58"
	"\x1b\xb2\x27\x37\x21\x34\x40\x54\xfc\xf6\x27\x0f\xc6\xd8\x81\x5b"
	"\x12\x72\x2e\x26\xda\xd8\xd6\xbd\x24\x42\xd3\xc2\xd8\xb6\x5a\x06"
	"\x41\xe5\x3b\x3e\xa2\x29\x0b\x40\x92\xf4\x21\x68\x9d\xc5\xc8\x71"
	"\x67\xbd\x00\xdf\x99\xec\x51\x40\x7c\x0b\xa0\x72\x40\xae\xe1\x61"
	"\x7c\x4b\xc0\x04\xb1\x4d\xbc\x00\xb0\x2b\xbd\x2b\xa0\x27\x87\xb8"
	"\x17\x10\xaa\x1c\x66\x13\x77\x8c\x02\xe2\x5e\x80\x78\x85\x6a\xeb"
	"\xd9\xcd\x6a\xf4\x34\x44\x9d\xc5\xad\xa6\x9a\xcd\x6e\x02\x26\xb7"
	"\xde\x31\xeb\x6f\xcc\xde\xaf\xc1\x8a\x1b\x08\xf9\x0e\x03\x70\x59"
	"\x76\x13\x31\xf7\x03\x1f\x30\xcc\xb5\xb4\xd4\x67\x7a\xe8\xe8\x24"
	"\x65\x35\xe1\x82\x51\x26\x9e\xf8\x62\xcf\xae\xa7\x6f\x64\x59\x2e"
	"\x12\x9d\x66\xe2\x22\x41\x48\x1a\xa4\x4b\x0c\x92\x71\x40\x12\x8b"
	"\x24\x90\xee\x1c\x01\x2b\xaa\x54\x37\xb8\xd7\x04\x48\xd5\x21\x5b"
	"\x50\x72\x90\x37\xca\x55\x1c\x2b\x8d\x68\x97\x8c\x25\x2b\xa3\x51"
	"\x7a\x2a\x2f\x73\x0a\x13\xbe\xca\xe8\x3a\x42\x3f\x54\x5d\xcb\x9b"
	"\xb8\x4b\xd9\xfa\x91\xf5\x38\xda\x06\x7c\xe4\xe0\x23\xa9\xc9\xac"
	"\x07\x76\x6d\xce\xbe\xbc\x2e\xfd\x62\x82\x9d\xe5\xb4\x5b\xa9\x17"
	"\x74\xed\x0a\xbd\xb0\xeb\x37\xea\x85\x35\x9d\xa7\x3f\xaf\xa6\x2b"
	"\xf4\xa2\xf8\x87\xdf\x16\x26\x09\x59\x32\x1a\xdd\x7c\xe1\x4d\xe0"
	"\xf2\x43\xa8\x4b\x93\xdd\x44\xd6\x83\xf4\xf6\x7b\x3f\x88\x6b\xf5"
	"\xc6\x1e\xa4\x42\xec\x59\x46\x68\x86\x40\xae\x19\xf5\xc2\xae\xbd"
	"\xf1\x06\xb0\x6e\xbb\x3c\xa3\x9b\x35\xb2\xdb\xbe\x54\xf3\x06\xa8"
	"\x69\xdd\x1b\xb0\xfa\x9b\xde\x42\xd5\xf5\xec\x83\x89\x81\x56\x05"
	"\xc9\xa6\x02\x72\x64\x86\x58\x86\xd6\xf5\x23\x79\x8a\x03\x54\x6f"
	"\xec\x85\x34\x75\xeb\x05\xd5\x35\xeb\xc5\xa8\x8e\xd5\x9f\x4d\x5d"
	"\xf5\x1e\x50\x3d\x6b\x8d\xbc\xd9\xee\xe6\xe7\xbf\xa9\x26\x1a\xdc"
	"\x24\xcd\x06\x62\xc7\x19\xdd\xe8\x9e\x83\xd7\xb4\x46\xb7\x53\x9b"
	"\x04\xb9\x71\xe0\xa7\xf7\x57\xdb\x66\x59\x9a\x97\xab\xfb\x72\x2d"
	"\x45\xec\xb2\xe6\xad\x6d\x09\xc9\x12\x15\x2a\xa0\x31\x47\xb7\xa6"
	"\x57\x51\x99\x43\x5c\x2c\x92\xa0\x88\x34\x8d\x2b\x70\x52\x25\x99"
	"\xee\x62\x2a\xaf\xd8\xb3\x8c\xe4\x85\x80\x3b\x8e\x3f\xf6\xc7\xed"
	"\xc8\x10\x9c\xc6\xc0\xe1\x77\x81\xb8\x13\xd7\x91\xff\x68\x2f\x9a"
	"\x8c\x2e\x00\x91\xc1\xcc\x73\x35\xfd\x56\x2f\x48\x19\xe4\xb5\x6d"
	"\xb6\x5d\xd9\x15\x68\x05\xe4\xcc\x47\x6c\x6d\x54\x2c\x76\x46\x91"
	"\x61\xd2\xbc\x29\x48\x6e\x00\x92\xbc\xf0\xfa\x11\x79\x62\xbf\xaa"
	"\x8a\x2e\x85\xb4\x46\xc7\x49\x08\x8d\xe7\xe9\xde\x6c\x85\x64\x55"
	"\x20\xa6\x08\xea\x48\xa6\x07\x30\xf4\x9c\x2a\x11\x59\xda\xdb\xa3"
	"\xb6\xb3\xc0\xe4\x75\x71\x30\x37\x68\xb9\x65\x21\x2c\x80\x8d\x7f"
	"\xd0\x35\x12\x28\x13\x93\x48\xe1\x02\x98\x07\x49\xb5\x88\xa3\x3d"
	"\x14\xdd\x78\x79\x93\x45\x4e\xa5\xbe\x23\xe5\xba\xd2\xa3\xa9\x86"
	"\x54\x0c\xbc\xa2\x3e\xd7\xd0\x92\xae\x26\xf8\x72\x50\x2d\xe1\x32"
	"\xe2\xe9\x61\x20\x85\x03\x76\xff\xfb\x41\xba\x28\x74\xe9\xa9\xd5"
	"\xd3\x70\xdd\xbb\xcc\x75\x1f\x63\x53\x52\xc5\x8c\xe8\x27\x10\x36"
	"\x40\xc5\xa3\x78\x61\x36\x20\xfe\x88\xf8\xdc\xe5\xd4\x46\xcb\xd0"
	"\x41\x2e\x88\x4e\x7d\x67\x05\xfc\xc3\xb7\xcb\x47\xc4\x4c\x52\x46"
	"\x55\x1e\xcf\x7b\x4a\x51\xb6\x0e\x7a\xd2\x85\x4a\x36\x5b\x2a\x6c"
	"\x73\xb2\x43\x37\xe6\x0a\xa4\x75\x6d\x48\xab\xca\x21\x3a\xa4\xa5"
	"\xfc\x03\x95\x10\xc5\x95\x16\x1b\xb8\x49\xca\x25\x37\xc8\x49\x32"
	"\x97\x19\x07\x45\xed\xce\x1b\x93\x6f\x77\xa2\xfb\x33\xa6\x39\xa2"
	"\xd7\xf5\x82\x57\x58\x13\xc1\x51\x25\x58\x5b\x1e\x81\x57\xf2\xce"
	"\x08\x51\x7d\xb1\x7b\x1f\x75\x3c\x9d\x0f\x3f\x5e\x4f\x0f\x56\xa3"
	"\x2e\xf0\x54\x8a\xc0\xa0\xbf\xfb\xe0\x8f\xe3\xdb\xef\xdd\x05\x43"
	"\x8c\x22\xde\x2a\x90\xfc\x09\x56\x58\x99\x99\xa6\x46\xad\x24\x57"
	"\xdc\x90\x9c\x96\x5a\xdf\xee\x40\x32\x66\x5b\xe6\x3a\x30\xae\xae"
	"\x8e\x50\x31\xd3\x7c\x2f\xba\x62\xda\x5b\x88\xf9\x12\xe3\xa6\x6d"
	"\x41\x79\x12\xf6\x40\x94\xf5\x06\xaa\x69\x0a\x90\x99\x81\xba\x65"
	"\x13\x1f\xe0\x27\xfe\xf7\xdb\xf9\x70\x1c\xa4\x2f\x83\xe0\xfb\xd3"
	"\x8f\x9f\xaf\x27\xdd\xa1\x61\x1b\x70\x84\x33\xf1\x07\xb1\xa6\x07"
	"\xa6\xd9\xc0\xfc\xf5\x74\xff\xf8\x70\x3a\x1a\xb2\xeb\x8a\x92\x06"
	"\xd5\x3c\x0b\x12\xd1\x65\xbb\x6e\x56\xff\x4a\xf6\xb6\x3c\x2f\xe7"
	"\xf1\x48\x9e\xea\xa8\x49\x2c\x45\xe9\x62\x21\x9a\x31\xc2\x06\x81"
	"\x50\x78\xb8\x1a\x26\xc6\x91\x3c\x50\xb6\x6c\x8b\xa8\x88\xe0\x56"
	"\xca\xd2\xb1\x97\x7c\x4e\xf1\x23\xae\xbc\x8a\x53\x12\xb6\x95\x92"
	"\x8b\xcf\x8e\x91\xa4\x36\xb6\x8d\xc4\xb0\xb1\x6b\x36\xa2\x1d\x67"
	"\x1f\x03\x27\xb7\x4e\xb7\x40\xcd\x3e\xe2\x06\x4e\xea\x90\x37\xf3"
	"\x6a\x76\x08\x37\x80\x20\xad\x88\x11\x5c\xa8\x03\x00\x52\x0c\x08"
	"\x02\x75\xd4\x44\xdb\x84\x56\xab\x28\x66\x9a\x1b\xe2\x45\x22\x4f"
	"\xef\x2d\xe9\xe1\x22\xb0\xa4\xca\x98\x89\x42\x83\x8d\x63\xc2\xb4"
	"\x7b\x16\xd5\x7c\xfa\xd5\x2f\x8c\x09\x82\xdc\x61\x35\xa3\xcd\x9c"
	"\x1b\xf4\xed\x6c\x8f\x2c\xf6\x4c\xb1\x96\xb3\xce\xab\xd6\xa4\x89"
	"\x3f\x18\xda\x85\xeb\xbb\x65\xe8\xc3\xca\xe3\xb8\xbb\x8d\x14\x73"
	"\x7d\x56\x15\x1b\x84\x08\x55\xe6\xb2\x23\x79\xb0\x0a\xd3\xa5\xe6"
	"\xb4\x2c\x25\xea\xa6\x77\x07\xb2\x39\xcd\x21\x4e\x89\x72\x7f\xeb"
	"\x14\x54\x42\x28\xa3\x35\x1b\x09\x5a\x47\x18\x96\x30\xa8\xba\xdf"
	"\x81\x79\xac\x5b\x7d\x8c\x08\x51\xbd\x33\xd8\x00\xc9\x72\x9e\xd9"
	"\x2e\x3a\xe4\x2d\x1a\x9b\x73\x5d\xb7\xaa\x0d\xcc\x80\x39\x08\xdc"
	"\x66\xed\x42\x19\x45\x8c\x46\xa6\xb4\x98\xd7\xb7\xf0\x99\x58\xed"
	"\x48\x66\x5c\xe1\x30\x1a\x1b\xf8\x3b\x0e\x5b\x26\xe8\x81\xb0\x7b"
	"\xea\xa0\x2b\xce\x33\x5b\xec\x8a\x46\x9c\x88\xba\x6d\x43\xce\x26"
	"\xa5\xed\x38\x9d\x47\x79\xc1\x64\x16\xb2\xb4\x52\xeb\x4e\x8b\xbc"
	"\x1d\xac\x4f\xc8\xea\x32\x68\x90\x2f\x70\x19\xe1\x68\x28\x59\xb3"
	"\x3e\xd4\xc5\xe5\xb1\xf3\x42\xbd\x5a\x70\x93\xde\x9d\x33\x2f\x92"
	"\x5c\x5d\x88\x65\x6b\xc4\xaf\x59\x9e\xf5\xa4\x59\x54\x01\x31\x43"
	"\xcd\x69\x84\x7f\xfe\xd0\xea\x03\xd9\x88\x2c\xc3\x61\x19\x93\x90"
	"\x4a\x6f\xe9\x5b\xf9\xeb\xe8\x28\x63\xc8\xbe\x7a\x2f\xef\x75\xb1"
	"\x5d\x80\xa2\xbf\x80\x88\x74\x15\xa7\x62\x2c\xda\x1d\x6a\x55\x47"
	"\x8f\x02\xa0\x71\xb2\x90\xde\xc0\x1a\x2d\x75\x22\xe0\x74\xb3\x69"
	"\xac\x30\x08\x34\x3d\x59\x8e\x0a\xf4\xc6\x54\x4a\x45\xa7\xd4\xce"
	"\x76\x21\x0d\x3e\x8e\x69\xce\xa1\xdd\x2c\x16\xa1\x31\x66\x13\xba"
	"\xa1\xfa\xea\xd9\xa4\x48\x16\x9d\x08\xe2\xa0\x46\x1c\x7a\x92\xf6"
	"\x18\xe8\xa6\x40\x73\xa4\xe9\x91\x17\xc9\x55\x79\x59\x19\x52\x18"
	"\x45\xe0\xe0\x13\xce\x0d\x41\x44\xb2\xf8\xae\xca\x84\x2c\x35\x86"
	"\x19\xa8\x5f\xf2\x26\xd4\x9c\x06\x98\x16\x32\xea\xb2\x19\xd3\xf6"
	"\x59\x90\x5a\x8f\xf8\x76\x64\xaa\x2d\x8f\x22\xf8\xe4\x15\xcd\xb6"
	"\xf6\xd4\x9a\xce\xda\xbc\xe7\xaf\x43\x7f\x76\xd2\x2a\xb6\xce\xcd"
	"\x4f\xfe\x35\x27\xcb\xd2\xc7\x3e\x05\x74\x85\xee\x4b\x54\x25\xd4"
	"\xf0\x83\x70\xba\xc6\x01\xbb\x98\x4a\xec\x8a\x09\x4f\x02\xba\x29"
	"\xd3\x36\x65\x94\xb4\x58\x00\xa6\xa9\xae\xb7\xbf\x5c\x20\x4b\x99"
	"\x8c\xdc\x00\xb0\xce\x82\x2a\x4a\xd5\x25\x75\xd4\xc9\xa6\xe7\x39"
	"\xd8\xbf\x20\xd7\x7c\x30\xcb\xc3\xb4\x10\xf5\x38\x03\x2c\x38\x19"
	"\x8d\x7c\x07\xdc\xc0\x90\x72\x81\xe9\xd1\x65\x72\xb2\xa6\x57\x0b"
	"\x9a\x89\x0d\xe2\xbc\x08\xd6\x42\xbf\x80\x78\x59\x0e\x02\x54\x90"
	"\x8a\xaf\xe8\x42\x4c\x95\xfd\xa0\x00\x42\xf6\x7e\x71\x1d\x7d\x31"
	"\xe1\x2c\x02\x67\xb5\xee\x6b\xa1\x1d\xd4\xff\xfe\xeb\x4a\x91\xa3"
	"\x0c\xc1\xe5\x62\x52\xaf\x52\x66\x1b\xaf\xc8\x1c\x6d\x5d\xb2\x8c"
	"\x51\x1b\x88\x20\xd7\x88\xce\x2e\x89\xb7\x9c\x1f\x56\x4b\x1e\x57"
	"\x79\x00\xcb\x07\x5d\x6e\xac\xac\xb3\xf2\xd3\x0b\xf5\x2e\xcd\x12"
	"\x60\x9b\x6b\x75\x3b\x70\xfd\x80\xec\x17\xc0\xdb\x43\x35\x46\xb3"
	"\x84\x04\x2b\xa0\xac\xb8\x10\x55\x2c\xa3\xc1\xfc\x74\xff\xfa\x38"
	"\xe0\x87\x67\x65\x36\xab\xd1\x68\x01\xbc\xd6\xa3\x49\xcc\x56\x04"
	"\x39\xe8\x31\x50\x42\x29\x4a\x2b\x6c\x6f\x65\x47\xc7\x61\xf1\x31"
	"\x34\x84\x86\xfd\x38\xf2\x9f\x95\xe4\xf2\x84\x51\x1a\x0b\x5e\xd2"
	"\xd0\x18\xed\xda\x16\x35\x2f\xd6\x3a\x92\x15\xf4\x91\x9a\x2b\x74"
	"\x28\xd4\xd5\xaf\xec\x26\x78\x1e\xe5\xe4\x43\xa0\x0f\xbd\x3a\x59"
	"\x79\xb1\x18\x20\xf3\x8f\xbc\x59\x62\x3f\x98\xe3\x78\xf9\x41\xa0"
	"\xfd\x5b\x00\xed\x4a\x7b\xdd\x50\xbf\xcd\xd3\x95\x3a\x95\x65\x49"
	"\xbb\xc3\xf3\x66\xa3\xcd\xee\xcf\x0f\xdf\xdb\xee\x67\x80\x17\xda"
	"\x0b\x4c\x32\x8d\x22\x8e\x48\xd4\x8a\xd6\x51\xd3\x00\x06\xca\x98"
	"\x5a\x0a\xea\x75\x42\xe3\x88\x64\x40\x92\x18\x49\xd6\x95\x82\x21"
	"\x15\x6b\xe5\x20\x95\xba\x60\x15\x89\xc9\xcb\xa0\x14\xdd\xf2\x30"
	"\xb6\x93\x9a\xca\x43\x07\x16\xab\xa9\x31\xea\xb0\x85\x86\x09\xd8"
	"\x0d\xd1\x5c\x2c\xea\x91\xa4\x92\xba\x43\x8a\x91\x6e\x44\x51\xe8"
	"\x86\x88\x2d\x10\x5f\x17\x26\xa3\x22\xe8\x53\xdc\x92\x98\xa6\xfa"
	"\xc9\xa2\x26\x10\x2d\x22\x74\xc3\xdc\x88\xcb\x62\x45\x46\x73\xda"
	"\xcd\x5d\x54\x6d\x9b\x4a\xf7\xb8\x0a\xf8\x04\x37\x26\x81\x28\x60"
	"\xc2\xac\xbc\xee\x77\x65\x7b\xc0\x16\x35\x5d\xb4\xb5\x6a\xbd\x41"
	"\xc0\xb3\x90\x83\xa1\x66\x97\x8c\x06\xfa\xcb\x76\xc1\x32\x31\x85"
	"\x94\xf7\xcf\xef\x66\x67\x51\x22\xe9\x14\x98\x2d\x48\x60\x6a\x25"
	"\xdb\x55\x74\x65\x90\x04\x4d\x07\xe2\x35\x1a\xa4\xa8\xd7\x0d\x5a"
	"\xc5\xe3\x28\x62\xb6\xfd\x9b\x54\x2f\xb2\xee\x06\x36\xd8\x0b\xad"
	"\x28\x22\xe8\xd6\x13\x6c\x21\xc2\x30\x13\xef\xe6\xbc\x71\xec\xb1"
	"\xc8\xa5\x06\x20\xd5\xbf\xee\x69\x0c\x81\x57\x0b\x11\xb4\x51\x29"
	"\x4a\x8f\x2e\x83\xca\xa1\x10\x09\x0a\x24\x01\xe8\x71\x9b\x92\x66"
	"\x1c\x5f\x63\x9b\x1d\xdd\x7c\x89\xea\xf8\x29\xf0\x8f\x2c\x52\x5d"
	"\x65\xab\x2d\x71\xcd\x50\xd8\x2d\x51\xfe\x4d\x5b\xa0\xc5\xc7\x82"
	"\x1e\x58\xd3\x6e\x96\x18\xaf\x5e\xbd\x39\x36\xa2\x6b\xf6\x2c\xa9"
	"\x7d\x93\x0f\xda\xd1\xae\x7b\xa1\x62\xb3\x17\xba\x49\x86\xd0\xa5"
	"\x43\xdd\xad\x37\x42\x72\x46\x2c\x17\x59\xb4\x6d\xe6\xbf\xfa\xe7"
	"\x60\x79\xfa\xe3\xf0\xfa\x72\x6a\x1f\xf5\xd6\xa2\x6a\x99\x96\x35"
	"\x73\xa9\x98\x01\xc2\x08\xba\x45\xcb\xdd\xb6\x05\xb2\x6a\x1f\x1a"
	"\x00\x06\x1e\x27\x25\x22\x06\x06\x2e\xce\x08\xfa\x34\xe1\x9c\x62"
	"\xcf\x06\xac\xa8\xab\xa5\x6d\x71\x28\x70\xa6\xee\xb4\x6f\x2d\xaf"
	"\xc0\xa2\x44\x4c\x17\x55\x62\x8e\xbb\x00\x42\x1e\xef\x3a\xc9\x55"
	"\x32\x4a\xcc\xf4\xf6\xcb\xd5\xbb\x76\x37\x21\x81\x58\xcc\xa2\x0b"
	"\xaa\x65\x36\xd0\x6a\x68\x26\xa6\xe3\xd5\x9d\x6d\x25\x68\xc3\x54"
	"\x05\xcc\x8f\x18\x9a\xa7\xf5\x9d\x12\x90\x50\xf4\xe8\xba\x93\x63"
	"\x98\x25\x2b\x44\x5d\xac\x35\xa9\xbb\x81\xc6\xa2\xae\x8e\x00\x6a"
	"\x80\xf8\xef\x7c\x67\xab\x1b\xd4\xeb\x46\x9d\x60\x52\x8b\x35\x0b"
	"\xe1\x6b\x77\x55\xfb\x23\x1b\x5d\xd4\x3e\x0f\x64\x49\x65\x43\x44"
	"\x7f\x9d\x1f\x4e\x2f\x4d\xc0\x68\x0b\x0f\xac\x82\x8b\x66\x08\x2a"
	"\x34\x5c\x5d\x8d\x41\x79\xcb\x6a\x39\x84\xe4\x1e\x22\x0e\x7f\x35"
	"\xa4\x76\xdf\x16\xdb\x88\x84\xf2\xa0\x0f\x99\xe5\xfe\x6c\x3a\x24"
	"\x7d\x10\x9e\x8c\xc7\x08\x41\x42\x8d\x68\xa2\x29\x61\xcc\x9f\xa9"
	"\x75\x65\xa7\xba\x9b\xb0\xf8\x59\x1f\x8c\xd8\xef\xc7\xc0\x8b\xb8"
	"\x66\x42\x47\x01\x35\x2d\x1a\x2a\xe7\xbb\xbe\xb9\xb4\x46\x58\x32"
	"\xb9\xe9\x1a\xb9\x8f\x87\xa3\xb1\xb9\x29\xed\xc8\x31\xb7\x8f\x79"
	"\x42\x5c\xc4\x47\x51\x88\x3c\x0f\x13\x05\x72\xc3\x00\xb1\x60\xed"
	"\x56\x41\x04\x8b\x72\x13\x92\x21\x42\x2d\x22\x14\x9a\x2c\x44\x4c"
	"\xa2\x95\x6c\x86\xcb\x10\x0f\x15\xd9\xae\xca\xea\x21\xae\x86\x64"
	"\x8f\x04\xf0\x58\xef\x79\x38\x43\x24\xc1\xd7\xb5\xeb\xb8\xf6\xfb"
	"\xd5\x24\x18\x7a\x43\x8c\x20\x97\x4c\x47\x63\xfc\xc3\x34\x72\x9c"
	"\x42\x98\x4c\x51\xfb\xd0\x84\xf8\x23\xc4\xbf\x52\xc8\x66\xe3\xb1"
	"\xdb\x23\x43\xaa\xb2\x0f\x46\x0e\x66\x25\xb8\x0f\x26\x1e\x32\xec"
	"\x79\x40\x86\xd8\xb9\x0a\xcf\xd7\xfe\xd0\xf5\x50\xd9\x9c\x8c\xff"
	"\x23\xc7\x5b\x6f\x82\xba\xd0\x7a\x33\x17\x17\x61\xae\x8f\xd3\xd1"
	"\x14\xf7\xe4\xc5\xdf\x35\xc5\xdf\x35\x9d\x0d\x51\xff\x5f\x7f\x8a"
	"\x89\x66\x1e\xfa\xd4\x0c\x21\x2e\x0d\xa4\x77\x97\x0b\xb3\xbc\x7d"
	"\xba\xdc\x94\x51\x9c\xb2\x86\xc7\x1f\x61\x71\x5d\x51\x7f\x84\x50"
	"\xdf\xac\xf6\x53\x64\xdc\x8a\xdd\x91\xb7\xdf\xa3\x6f\x8e\xf3\xc0"
	"\x1b\x4d\x5d\x5c\x86\x31\xd2\x82\x0c\x09\x27\x26\xd6\x21\x17\x63"
	"\xfc\x02\x99\x8b\x85\x21\x55\x42\x1f\x95\x0d\x11\x0a\x36\x21\x9b"
	"\x4d\x90\xfa\x27\x01\x1b\x7a\x08\xcf\x1e\xc8\x46\x08\xcb\xdc\x86"
	"\x14\x53\x83\xfe\xa7\xad\x5e\x94\xb0\x60\x5f\x94\x76\x93\x1e\x45"
	"\xac\xaf\x14\x6b\xf1\x2b\xa4\x34\x20\x1d\x80\x90\x8f\x3b\xb9\xe7"
	"\xbd\x19\x67\x19\x26\xce\x65\x7e\x8e\xef\xf6\x8b\x11\xff\x8e\x46"
	"\x3c\xe2\x8e\xe7\xf6\x20\x5c\xcf\x1d\xfa\x7d\x72\xc7\xe7\xae\xe3"
	"\xf5\xe6\xe0\x73\x67\xdc\x8b\x98\xb8\x7c\x82\x84\x7e\x95\x08\xf1"
	"\x06\xc4\x8d\x41\x89\xa7\x33\xc4\xd8\x58\x89\xfd\x89\x8f\x56\x21"
	"\x8f\x83\xd1\x18\x89\xda\x5e\x2e\x26\xae\x63\x8e\xb4\xda\x40\xe2"
	"\xc7\xb3\xd8\x52\x75\xe6\x48\x7f\x38\xb1\xb8\xf9\x7f\x3f\x1c\x65"
	"\xc4\x4b\x6e\xf1\x86\xcf\x63\xc2\x2b\xb6\xaa\x09\x8f\x90\xc9\x86"
	"\xfb\xd8\x64\x40\xb6\xe6\x8e\xf0\x5a\xfa\x6f\xbe\x3e\x7b\x29\x1a"
	"\xa6\xa7\xc7\x86\x86\x09\xc8\x21\x94\xef\x57\xb3\x23\xe4\x9c\x35"
	"\xc2\x8b\x40\x5f\xdc\xc5\xce\x5c\x95\x74\x55\x74\xed\x3b\x82\xd3"
	"\xfb\xcb\xb9\x65\xd7\xd1\xf0\x01\x88\xc5\xe5\x5e\x2d\x33\xd8\xda"
	"\x32\x76\x26\x98\xf3\xfc\x78\x38\x71\x50\x11\xca\xf7\x30\x1e\x79"
	"\x2e\x2a\x1a\x4d\x70\x11\xe6\x8b\x3f\x1e\xcf\xbc\x0c\x97\x0d\x71"
	"\x99\x83\xd6\x6c\xe2\x8d\x32\x54\x23\x81\x09\x79\x82\xf2\x2f\x8c"
	"\x27\x3e\x5a\x89\x29\xa2\x3b\x80\x68\xe2\xe2\x22\xb4\x9c\x3d\x2b"
	"\xee\x10\xe5\x01\xf1\x7d\x84\x40\x24\x64\x69\x0e\xfc\xe8\xf6\x19"
	"\x7c\xe2\x0d\x91\x4a\x8b\x45\x61\xec\xa2\x8b\xd0\xd8\xf7\xd0\xf5"
	"\x62\x34\x45\x7c\xfa\x40\x36\x43\xd6\x0b\x35\xf8\x8d\x72\x5e\x48"
	"\x55\x1e\xdf\x8f\xc7\xbf\x6b\x5b\xa5\xa6\xbb\x2f\x5e\x0f\xff\xfb"
	"\x7e\x78\x79\xf8\xfb\xc2\xa7\xf1\x6f\xe0\x4a\x08\x43\xfe\x99\xc5"
	"\x71\x83\x52\xd6\xd2\xd2\xbc\xf3\xfe\x7c\x7a\xfd\x1c\x3e\xbd\x9d"
	"\x5f\x9f\x7e\x7d\x37\x2f\x42\x48\x38\x33\xa8\x4e\x15\xef\xe0\xf7"
	"\xfb\xb7\xc3\x2f\xb1\xc8\xe3\xf0\x38\x88\x4f\xa7\x1f\x83\x9f\x44"
	"\xe6\x3f\x0f\x7e\xbb\xbc\xfc\xad\xf5\x72\x3d\xc3\x85\xd0\x36\x9c"
	"\xff\x88\xb5\x03\x1d\x6f\x20\xc5\x08\x4a\x1b\xe9\xa4\x8f\x13\x06"
	"\x1d\xe4\xfb\x8c\x8f\xc6\xd8\xbe\x68\xe9\x62\x3a\x3b\x2b\x86\xce"
	"\xd8\x41\xf7\x03\xf5\x4e\x65\x79\x97\xa5\x3d\x1b\x15\x9a\x2f\x87"
	"\x06\x49\x86\x9a\x44\x0f\xf7\xcf\xe7\xef\xad\xf9\xbc\x49\x7d\x3d"
	"\x0f\xb2\xfb\xf3\x61\x90\x9c\x5e\x9e\xce\x66\x13\x2e\xa2\xd1\x08"
	"\x1b\x2e\x52\x36\xc2\x3a\xf7\xd0\xe9\xd1\xb0\x40\xd8\xe5\xa7\x5c"
	"\xbd\x1f\x9f\x1e\x9f\xce\x7f\x5b\x3f\x66\xe2\x0d\x91\xf5\x34\x5c"
	"\xe5\xc8\x52\xb3\x82\xb5\x1e\xd1\xbb\x56\x39\xf7\x90\xe1\xb7\xca"
	"\x0b\x44\xc2\xe9\x14\xdb\x01\x81\xc8\xeb\x36\x3b\x15\x63\xe6\x0c"
	"\x5c\xfe\xc7\xc3\xfd\xdb\xfb\xeb\xe1\x78\x78\x39\x0f\xde\x45\x4b"
	"\x5b\xba\xea\xc8\xe9\xeb\x8c\x23\x74\x13\x4e\x45\x8f\x42\x7b\x4d"
	"\x2d\xc6\xa6\xec\x75\xb2\x9f\x60\x4a\x7b\x09\x5d\x72\xd2\xdb\x25"
	"\x5b\x18\xec\x0d\x35\x46\x76\xdf\x1b\xf9\xa8\x2e\x8e\xe5\xa3\xba"
	"\x7f\xcc\x93\x49\xc8\xf7\xbd\x7b\x79\x9e\x0c\x87\x4e\xbc\x5a\x7d"
	"\x9c\x65\x87\x84\x5f\xc3\x8a\x63\xe7\x0e\x24\x16\x13\x3c\xc2\x76"
	"\x4c\x58\xc8\x67\x43\xd4\x6c\x40\x08\x31\x67\xd5\xf9\xca\xc5\x68"
	"\x67\x40\x84\x7c\xee\x20\x19\x7a\x2e\x42\x99\x0b\x32\xcc\x37\x5a"
	"\x34\x09\xb2\x67\x14\xa2\x09\xe6\x21\x28\x44\x13\xe4\xa8\x60\xc9"
	"\x3c\xc2\x44\x97\x27\x8e\x63\xa7\xcf\x53\x4a\x17\x04\xcb\x88\xbd"
	"\x99\x83\x6c\xa9\x74\x10\x12\xd4\x46\x0a\x5d\x64\x41\xfc\xca\x89"
	"\x50\xf8\x11\x8e\x54\x96\x39\x63\x0f\xdb\x59\x66\x58\x24\x17\x31"
	"\x43\x89\xa9\x0d\xf9\xa6\x29\xcb\xc5\xe7\xb6\x3f\xc8\x44\x51\x3c"
	"\x07\x15\x73\xea\xba\xa3\x31\x76\xd8\x31\x1c\x22\x47\x54\x79\xc0"
	"\x87\x23\x84\x55\x40\xca\x10\xb6\xf3\xa6\x6d\x81\x42\x0a\x63\x0e"
	"\x97\x32\x1f\x95\x8d\xc6\x43\x2c\x68\xea\xd8\xf5\x3d\xbb\xd1\x77"
	"\x19\x6c\x62\xb4\xf9\xca\x28\x89\x27\x0e\x42\x7f\x50\xc6\x13\xd7"
	"\x42\x5f\x96\xdc\xff\xfe\x72\x38\xab\xb3\x4d\xeb\xe8\x5d\xa3\xee"
	"\xdc\x52\x84\xe8\x96\x6b\x67\x36\x43\x46\x7c\x7d\x7c\x99\x90\xe5"
	"\xa6\x67\x66\xbd\x62\xd0\x33\x3a\xb2\x1c\xba\x78\x90\xaf\xe1\xd8"
	"\x20\x96\x33\xa7\x32\x99\x39\xbe\xd8\x37\x5f\x78\x95\x04\x63\x7f"
	"\x34\x44\x8b\x6a\xe2\x8c\xe2\xaa\x46\x7e\x7f\x3e\x3f\xfd\x78\x3e"
	"\xfc\x65\xe8\x60\x50\x12\xe3\xc2\xb2\x5e\xd9\x1e\x9e\x9f\x5e\x3a"
	"\x1f\x45\xd3\xcf\x7e\x9c\xce\x62\xbd\x7b\xb2\x9c\x4a\x8b\xfd\xb1"
	"\xef\xa0\x27\x29\xe3\x91\xef\xf6\xc8\xa6\xa8\x66\xec\x0e\x71\x8d"
	"\x1a\xeb\xca\x39\x8b\xad\xea\x88\x59\x89\xb7\xf3\xbd\xbe\x6a\xc7"
	"\x09\x9b\x99\x16\x63\x4a\xe1\x7d\x3d\xbc\xc1\x62\x6f\xed\xab\x73"
	"\xe6\x4c\x9c\x64\x89\x74\x29\x86\x9d\x8a\xaf\x18\xd6\x5c\x2c\x76"
	"\xdd\x9e\x53\x64\x25\x46\x3b\x28\x8b\x45\x07\xc5\x5c\xbf\xc7\xe8"
	"\x89\x96\x10\x0d\xa7\x7d\x3d\x97\x65\x98\x17\x61\x3e\xc6\x54\xca"
	"\x15\xf3\x9c\x89\xbd\x1a\xdf\x18\x11\x4b\xdb\xc4\xbe\xa2\xbf\x00"
	"\xf3\x9d\xad\xad\xf9\x70\xa6\x1f\x56\xd6\x9f\xe7\xf4\xd7\xd3\x11"
	"\x14\x4d\xa0\x93\x7a\x7c\x7a\x53\x74\x86\x96\x0c\x62\x1a\x92\x4c"
	"\xfc\x3b\x8f\x30\xa6\x62\x9e\x2d\x10\x1d\x98\xef\x67\x63\xec\xd4"
	"\x5b\x3c\xe4\x77\x99\xea\x0e\xc7\x1f\xb0\xc1\x42\x3a\x8e\xe8\xfa"
	"\x14\x82\xfd\x45\x59\x92\x06\x69\xc1\x10\x3a\x9b\x24\xde\xcf\x9c"
	"\x09\xb6\x5a\x24\xcc\x41\xee\x4f\xa4\x68\x8a\xac\x03\x77\x1c\x59"
	"\xd1\xa4\x08\x59\x06\x36\xb9\xdd\x52\xa1\x54\x46\x31\xb6\x8b\xf8"
	"\x5d\xd2\x8e\x0e\x9a\x74\x03\xf7\x40\x22\x78\xc5\x2e\x72\x84\xe2"
	"\x6b\x97\xa8\x08\x6a\xc8\x91\x31\xc8\xb7\x86\x81\x45\x5b\x94\xd3"
	"\x2a\x66\xa6\xfd\xc7\x7a\xc9\x63\xd3\x24\x44\xdd\x18\x37\xf1\x99"
	"\x96\x60\x20\xb4\x49\xb3\x2f\x9f\x8e\x6f\xc7\x5f\xee\x1f\x5f\x0f"
	"\x2f\xa7\x5f\xce\xff\xfe\xd4\xc9\xa6\xe3\xc5\x97\x6d\x83\x15\x65"
	"\xfa\x3d\xfc\xb2\x6d\x52\x55\x27\x48\x6b\xe6\x4d\xf6\xc5\x35\xd3"
	"\x4b\x2f\xe9\x82\xcb\xa1\x2d\x4d\xec\x0d\xb9\x35\x9d\x04\x66\xfd"
	"\xf8\x2a\xdd\xd5\x71\x54\x75\x1b\x63\x46\xb2\x9c\xca\x20\xbf\x2c"
	"\xca\x02\x56\xe8\xd6\x22\x2c\x0c\x3a\x09\x16\xea\x8c\xab\x04\xa5"
	"\x5c\xb8\x40\x7a\xd9\x07\xae\xa8\x5e\xc6\x80\x06\x86\xbb\xa7\x03"
	"\x22\xc1\x5c\x6e\xea\xa7\xc1\x8b\x0d\xf1\xa2\x95\x65\x00\xfa\x2a"
	"\x70\xcb\xe8\x72\x66\x05\x6b\xa4\xc3\x0b\xb8\x34\xce\xdd\xe4\x59"
	"\x5a\x93\x37\xb6\x8c\x6c\x40\x46\xf2\xd5\x14\x09\x23\x20\xe5\xf3"
	"\x28\x8b\xe9\xa6\x07\x40\x93\xfd\xb4\x47\x1c\x93\x4d\x4e\xb7\x7d"
	"\x00\x16\xb8\x3e\x12\x4f\x4f\x21\x92\x88\xa7\x7d\x25\x60\x94\xe7"
	"\x44\xf4\xf2\xb4\x07\xc3\xd3\x00\x58\x10\xfb\x10\x79\x82\xc5\xc6"
	"\x50\x72\x30\xfe\xe9\x91\x2b\x43\xfa\xa0\xb7\xa4\xc0\x08\xdf\x97"
	"\x45\xb4\xcc\x48\x35\x67\x08\xf7\xd9\x22\xe9\x9e\xbb\xb1\xd5\xdd"
	"\x80\xbf\xff\xfa\x26\x9d\x18\xaf\x16\x28\xb5\xcb\x4d\x65\x84\x95"
	"\x17\x3f\x7b\x02\x74\x81\x43\xf7\x3a\xdd\x10\xb0\x68\xf0\x00\x6b"
	"\x9f\xe1\x44\x1e\x6c\x4f\x2a\xcf\xdf\x24\xd5\x8a\x23\x94\xe1\x1a"
	"\x0a\xf2\x43\x51\x01\x83\x80\xce\x18\x7d\x35\x20\x6a\x17\xf5\xad"
	"\xef\x4c\x46\x62\x14\x20\x66\xb5\x17\x24\x95\xc8\xfd\x07\x90\x40"
	"\x0d\xe8\xf5\x43\xb6\xc8\xb7\xb8\x02\xcc\xca\x99\x80\xc2\x58\x60"
	"\xc0\x18\x2b\x40\x78\x47\x93\xa0\x7b\x81\xc0\x0e\xaf\x10\x53\x45"
	"\x6a\x10\x47\x75\x84\xd6\x62\x1e\x6f\xcd\xb5\xac\xeb\x98\x1d\xf2"
	"\x02\x92\xfb\x7d\x13\xdb\xcb\x45\x46\x78\x63\xd4\xd3\xa5\x90\x55"
	"\x74\xaf\x5d\xfe\xd7\x39\x85\x38\x76\x35\x7f\x80\x55\xd6\x0e\x68"
	"\x66\x3c\xd5\xc4\xac\xf8\xf4\xeb\x13\x04\x17\xfc\xef\xef\x7f\xd6"
	"\x7f\xfc\xf1\xf2\xa8\xfe\xfa\xd4\xe5\xac\xbd\xbe\xb1\xdf\xad\x3c"
	"\xa6\xf3\x4d\x19\xd2\xc4\x6a\x03\x45\x5a\x94\x04\x4d\x88\x36\xfd"
	"\x9e\xb1\x36\x04\xb4\x04\xed\x2d\xa5\xbb\x02\x5c\x5f\xf2\xb0\xcd"
	"\xbb\x21\x26\x11\x8d\xc2\x32\x4f\xc0\x6d\x31\xb9\x43\xb6\xe4\x60"
	"\x2f\x59\x80\xf3\xa1\x48\xe1\x29\x4a\x1a\x7b\x81\xf5\xc7\x93\x54"
	"\x31\x31\xac\x54\x90\x30\xf7\xb5\x0b\x06\xbf\xab\x64\x99\x41\xc4"
	"\xe2\x51\xe7\x68\x0d\x05\xd5\x3e\x0b\xdd\x6c\x6a\x12\x8a\xa0\x44"
	"\x66\x2e\x03\x07\xa4\x9d\xc8\x7e\xe1\x02\xad\x83\x68\xf4\xe2\x94"
	"\x7b\x50\x1f\x2d\x06\x83\x5e\x62\xb7\x10\x5d\x70\x6a\xa3\xf0\x87"
	"\x64\xab\x26\x1a\x45\x56\x17\x45\xb5\xf1\xe5\xbc\x1d\x1a\x92\xa7"
	"\xc6\x2f\xdd\x76\x4f\xa6\x5c\x7c\x42\xae\x06\x12\x0a\x68\xf7\x69"
	"\x93\x42\xe0\xdd\x1a\xfd\x65\x64\x24\xc9\xb8\xb2\xd2\x96\x3a\x07"
	"\xab\x0b\xcd\xf6\xbd\x49\x96\xc6\x7d\x9b\x6e\x38\x98\xfc\xed\xc7"
	"\xe3\xeb\x1f\xdd\x09\x26\xe7\x4c\xbd\x43\xa1\x4e\xef\x0f\xdf\xe1"
	"\xa4\xff\x30\x78\xfc\x73\xea\x8b\x5d\x48\x1d\x7a\xb6\xf3\x5c\x49"
	"\xe7\x55\xb8\x03\x88\xfd\xd9\x99\xeb\x75\x9f\x6d\x45\x65\x90\x4f"
	"\xcf\xdc\xee\xe6\xf9\xe3\x45\x20\xde\x3f\x29\x77\xcb\x0a\x12\xb4"
	"\xca\x79\x13\xcd\xd8\x6e\x60\x2c\x1d\xff\xef\xdf\xce\x8d\xed\x63"
	"\x87\x89\x44\xfa\x11\x64\x29\x09\x03\x60\xe5\xc8\xc3\x64\xde\x76"
	"\x81\xf8\x7a\xff\xe3\xfe\xe5\xf0\x06\x77\x23\xbf\x3e\x3d\x1f\xae"
	"\xf9\xfd\x44\x79\x38\xff\x25\x1f\xb8\x6f\x87\xdf\x3f\xab\xbf\x8f"
	"\xc7\x81\x3b\x14\x3f\x7f\xfe\x07\xef\xaa\x16\x81\xef\xf8\x97\xa6"
	"\x17\x4f\x8d\x1c\x94\xc1\x37\x26\x79\x4e\xe5\x5c\xd4\xa6\x46\x6d"
	"\x52\xe5\x1c\xd0\xe2\x2b\xca\x0a\xa1\x88\x82\x07\x86\x18\x17\x48"
	"\x72\x87\x5b\x45\x97\xe2\xbe\x57\x2d\x1c\xfc\x15\x85\x55\xd1\x3d"
	"\x4e\x5a\x3c\xbd\x1e\xff\xbc\x7f\x3d\x74\xcd\x6f\xe5\x62\xc8\x03"
	"\x5a\x2d\x76\xe6\x82\x28\x93\x6b\x3f\x0e\x9c\x60\x24\x60\x92\xf0"
	"\x36\x17\xdb\x60\xbb\x36\xbf\xa0\x59\xb2\x03\x5f\x35\xb1\x0c\x24"
	"\xc8\x5a\xbe\xd8\x55\xc1\x62\xa9\x76\x98\x3d\xde\xf0\x95\x0c\xef"
	"\xda\x66\xa8\x55\x1c\x27\x81\x4e\x97\xb0\x4c\xd3\x25\x70\xbb\xd4"
	"\x2f\x46\x6c\x4d\xb9\x34\x58\xb5\x6c\xfc\x7f\x7f\xbd\x1f\xfc\xd6"
	"\x34\xd8\xe5\x86\xb6\x65\xd9\x9f\x7f\x33\xbd\x64\x48\xc0\x6c\x8d"
	"\x0e\x64\xf4\x52\xd9\x6c\xdb\x3b\x2b\x0b\xeb\x5d\x9a\x85\x35\xbb"
	"\x93\x36\xad\xed\x73\xaf\x42\xcc\x56\x85\x6c\x58\x59\xdb\x47\x48"
	"\x46\x55\x5b\x6f\x90\x09\x05\x8f\xc0\x5d\x5f\xe6\x69\x88\x16\x5c"
	"\xe8\x56\x9c\xee\xf5\xcd\x66\x23\x92\xbe\xc7\x34\xbf\x33\x24\xd1"
	"\x46\xfa\x1f\x18\x64\xf4\xcd\x43\x57\x29\x56\xf8\x51\x4f\x2f\x8e"
	"\xc3\xa2\xf6\x60\x58\x90\x75\x54\x71\xfa\xcd\xb6\x80\x7c\x9d\x87"
	"\x9a\x0f\x37\xfc\x46\x17\x01\x51\xa6\x64\x2e\x1b\x5b\xdf\xc8\x51"
	"\x0e\x3a\x16\xd6\xc8\x5f\x71\xd1\x1e\x17\x2d\x17\x1c\xfd\x6c\x62"
	"\x33\x85\x0b\xe7\x79\x4f\x59\x36\x34\xee\x3e\xda\xd4\xce\x93\xcf"
	"\xb5\xe8\xc9\x20\x01\x1c\x71\xba\xa9\xe2\xff\x7b\x31\x33\x65\xdd"
	"\x64\x4b\x27\x68\x44\xad\x4e\x70\x1d\xa6\x20\x93\x33\x42\x6f\xa1"
	"\x90\x9e\xa2\xa4\xf2\x88\x86\x6e\xbe\x2a\x9f\x22\xfb\x6c\x50\x67"
	"\x23\x46\xbd\x3c\xb8\x44\x71\x1c\x14\x53\xfb\xa7\xb7\x76\x6f\xf0"
	"\x3b\x33\x62\x4f\xd7\x69\x75\xe7\x4b\x99\xb5\x5a\x34\x96\x04\x11"
	"\x3a\xd1\x11\x38\x99\x00\x1b\xc0\x1d\x22\x37\xdb\xc1\x96\x2c\x34"
	"\xaf\x25\xc7\x64\x74\x03\x5c\x35\xca\xe9\x47\xc3\x28\x57\x38\xad"
	"\x69\x9b\xc4\xbe\xd1\x50\x23\xe6\x05\x8d\x73\xba\x51\x5e\xba\x79"
	"\x91\x45\x5a\x01\x14\x3d\x41\xcb\xad\xc2\x4c\xa0\x35\x81\x01\x78"
	"\xc2\x68\x45\x20\x4a\x60\x9b\xbe\x8b\x34\x6f\x31\x63\xc9\x9f\x10"
	"\x23\x4b\xfa\xba\x5b\xfc\xd0\x58\x26\x12\x6b\x98\x98\xc0\x37\x46"
	"\x74\x27\x25\xc0\x2a\xaa\xa4\x79\x16\x69\xc3\x7e\xbb\x48\xf2\xaa"
	"\x74\x6d\x78\x29\xf1\x8c\xe2\x19\x4e\xd0\x10\xa3\x63\xc1\x47\x48"
	"\xaf\x97\x13\xad\xd6\xad\x02\x91\x64\x41\xc2\xc1\x64\x4c\xee\x0c"
	"\xf0\x35\x55\xcc\x4e\x21\xcd\x20\x12\x88\xf8\x8f\x7d\x32\xb9\x62"
	"\x61\x5b\x67\xeb\xfc\x54\xf4\xa0\x28\x11\xea\x32\x89\xd5\x8b\xea"
	"\x50\x41\xb5\xe7\x56\xab\xcf\xc8\xc9\xb1\x6b\x84\x17\xfe\x22\x36"
	"\x72\x9f\xc3\x32\x94\x2b\xd8\x75\x01\x6b\xdd\x00\xa7\xb3\xc9\xc4"
	"\xc1\xa6\xad\x22\x5c\x18\x22\x75\x83\x93\xf2\xcf\x0b\x92\x7f\x8e"
	"\xf6\xf0\xef\x4d\x6e\xe4\x7e\xe9\x46\xfa\x04\x96\x70\xf1\x9c\x96"
	"\x52\x9a\x10\xf8\xdd\x9c\xfd\x06\x69\x18\x41\x34\xb1\x2f\xa3\xe1"
	"\xd4\x26\xa7\x29\x10\x81\xf1\x28\xff\xf2\xe9\xe9\xed\xe4\xfb\xe3"
	"\xd9\x2f\xee\xa7\x76\x27\xbe\x42\x8b\x7c\xe1\x5b\xd7\x5a\xf3\xfd"
	"\x2a\xc5\xf2\x86\xf7\xf3\x6f\xfe\xa7\xf6\x11\x7c\x67\xaa\x57\x87"
	"\x16\x6f\x87\xf7\xc7\x93\x50\x39\x2c\xcd\xf1\x7f\x95\x5d\x59\x73"
	"\xdb\x38\x12\xfe\x2b\xaa\x3c\xed\x56\xed\x64\x2d\xf9\x88\xfd\xe0"
	"\x07\x90\x84\x44\x8c\x78\x19\x20\x2d\xdb\x2f\x2c\xc7\xd1\xd8\xae"
	"\x8c\x8f\xf2\x51\x9b\xec\xaf\xdf\x6e\x80\xa4\x00\xe2\xa0\xb6\x6a"
	"\x32\x89\xd0\x4d\xdc\x47\x77\xa3\xf1\x35\xe2\x9e\x8d\xa6\x8b\x4c"
	"\x5a\x8f\xb5\x34\x9d\x88\xa6\xb5\x3a\xd3\xd7\x13\x24\x62\xaf\xe0"
	"\x8b\x29\xa6\x50\x6e\xcc\xec\xe2\x94\x65\x68\x44\xf7\xe5\xd8\xe8"
	"\xa6\x0c\x10\x07\x0b\xbd\xfd\xa3\x20\xec\x75\x5e\x59\x3f\x5d\xdb"
	"\xb1\x22\xf4\x07\xd3\xee\xda\xa9\x59\xc1\xce\x10\x79\xe6\x56\x47"
	"\x6d\xc7\x11\xe3\x06\x89\x34\x4e\x41\x30\x14\xed\x8a\xad\xd0\x96"
	"\xaa\x9a\xad\x83\xcb\xab\x67\x41\xe6\x14\x63\x42\x05\x3e\x54\xd8"
	"\x1e\xe6\xda\xe4\xa4\x58\x51\xff\x11\x4d\x92\x00\x6d\x69\xd1\x86"
	"\xb0\x12\xb8\xa7\x9b\x93\xa8\x4f\x72\x3d\x7c\x15\x89\x7e\x2e\x58"
	"\x01\x24\x4c\x32\x49\x2e\xf1\x79\x63\x62\xd8\x56\x40\xea\x04\x79"
	"\xd3\xd7\xa9\xfe\x36\x00\x49\x22\x0c\xf8\xc4\x97\x40\xd7\x44\x7e"
	"\x52\xe0\xab\x98\x93\xdc\x43\x12\x17\x0d\x11\xa9\x87\x78\x19\x90"
	"\xce\x10\x84\xe6\xca\x2b\x9e\xe5\x81\xd6\x57\x7e\xda\x45\x71\x75"
	"\x14\xa4\x9e\xf8\xa9\xdc\x51\x68\xbf\xdc\xfa\x2b\x0b\xe3\x77\x7b"
	"\x93\x81\x76\xdf\xcb\x43\xc6\xf2\x55\xf4\xec\xa6\x1c\xc8\x6e\x1b"
	"\x6c\xcf\x77\xe4\xe4\x33\xb9\x3a\x0b\x9b\x55\x0b\x13\x58\xb1\x4b"
	"\xe4\x66\x60\x18\x58\x44\x97\xde\x93\x21\x30\x25\x78\xe9\xeb\x12"
	"\x90\x14\x10\x8f\xd7\xb7\x44\x8b\x80\x00\xbd\x14\xee\xdb\xd0\x98"
	"\x56\xa9\x77\x06\x32\x5f\x6e\x71\xe5\xfd\xa6\x4c\x88\x7f\x1b\xf0"
	"\xb5\x4b\x07\x21\x82\x1f\xfd\x11\x62\x1c\x4d\x1a\xb9\x3f\xdb\x5a"
	"\x38\xdb\x8c\x0e\xd0\x69\xdf\x3c\x8e\x00\x26\x93\xc7\x09\xc7\x60"
	"\x3a\xf5\x5c\x06\x8e\x98\x16\xfb\x30\xed\x55\xdc\x1e\x15\x3f\x3d"
	"\xd9\xa7\x4e\x1e\x1f\xca\x11\xd3\x3e\x15\xf7\xf8\x69\x8d\x98\x8e"
	"\xf6\x61\xda\xa7\x0b\x3c\x6f\xd6\x46\x4c\x67\xd3\x4c\x67\x87\x7b"
	"\xe4\x74\xb6\xcf\x00\x9f\x1d\xee\xd1\x4f\x67\x47\x7b\xd4\xe9\xf4"
	"\x9b\xbf\x9f\x40\xa2\xc4\x09\xdf\x9e\x4e\x67\x33\x5f\xec\x53\x6d"
	"\xe0\xf2\x4f\x02\x22\x62\xc6\xdc\x0b\x72\xa8\xc9\x7c\xbc\xc2\x7a"
	"\xc2\x62\xb2\x11\x87\x93\x1c\xd3\x1d\x71\x3c\xc9\x71\x32\xc9\xf1"
	"\x6d\x92\xe3\x6c\x92\x63\x3e\xdd\x98\xf9\x74\x6b\xe6\xfe\xe6\xac"
	"\x4b\x76\xda\xf2\x30\xb9\xf1\x92\x31\x66\x36\x1c\xa6\xa4\x08\x72"
	"\xc4\x14\x14\xde\x78\x82\x05\xd4\xd0\x86\x97\x61\x26\x5e\x92\x9a"
	"\x4d\x15\x76\xcd\x59\x96\x4d\x14\xb7\x22\x74\x92\x05\x34\xd8\x75"
	"\x90\x83\x41\xbb\x46\x08\x82\x36\x4f\xd1\x78\xc0\xdf\x8d\xee\x9b"
	"\x6a\x54\xdd\xf0\xf5\x28\x5a\x9e\xc6\x81\x9a\x92\x01\xa8\x90\xb9"
	"\xee\x01\x9b\x82\xe1\xf2\x34\xe2\x7d\xab\xa4\xb6\x40\x48\x8e\x8c"
	"\xdd\x10\x29\xc0\x06\x6f\x29\xa5\xad\x45\x61\x77\xfb\xad\x89\xe8"
	"\x1c\xd2\x0c\x19\x5a\x0a\xd7\x7a\xfb\xf6\xbc\xfd\x7b\xf6\x70\x7b"
	"\xf7\xf3\xf1\xf9\xbe\x77\x93\x7c\x7d\x7b\x7c\xfe\xf8\xa9\xbc\xd0"
	"\x9e\xb6\xef\xf7\x76\x84\x74\x69\x97\x58\x4b\x48\x9e\x91\xb1\x42"
	"\x25\x8a\x8a\xc6\x16\x01\xf5\x27\xaa\x63\x3e\x77\xe9\xf4\xaa\xe6"
	"\x04\xed\xc8\x18\x3c\xbd\x83\x8d\x1b\x00\xde\x32\x8a\xc6\x6d\x10"
	"\x5b\x6b\x03\xb6\xaf\x93\xcb\xf0\xab\x8c\x5e\xd2\x6c\x90\x18\xbe"
	"\xed\x90\xe1\x50\x79\x70\x70\x1c\x69\x82\x39\x22\x6f\x76\xb5\x48"
	"\xe8\x28\x30\xfb\x6e\x10\xaf\x0b\x82\x31\x8b\xfc\xbd\xac\xc0\x64"
	"\xf3\x32\x69\x64\x95\x48\x22\xc1\x6c\x02\xac\x7d\xf5\x9b\x02\x54"
	"\x34\x8c\xfd\x59\x95\xd2\xfa\x23\x1c\x0f\x01\x9f\x5e\x41\x1d\xfe"
	"\xe3\xe3\xf1\x69\x3b\xbb\x7b\xd8\xde\xfd\x7c\x97\x03\x73\xa7\xd2"
	"\xdf\xec\xb1\x51\x25\x74\x68\x3a\xa3\x72\x31\x15\x4d\x2b\x0d\x68"
	"\x45\x81\xea\x49\x36\x50\x77\x3c\x0b\x46\x63\x4a\x36\x84\x2f\xdd"
	"\xdb\xde\x2a\x89\x10\x97\x89\x55\xb5\x53\xf1\x53\xb8\x4a\x68\xd4"
	"\x82\xfc\x40\x0a\x8f\x49\x4d\x35\xd5\xba\xc7\x5d\x6a\x44\xad\xec"
	"\xac\x9a\x95\x83\x23\xca\x0f\x7e\x79\x7e\x74\x70\x76\xa2\x5f\x79"
	"\x43\x69\xf8\xcc\x02\x44\xef\xdc\xa3\x6f\x50\x92\x28\xb0\x7d\x0f"
	"\x7a\x6e\x53\x34\x02\xc6\x03\x32\x88\xca\xcc\xa9\x18\xe0\xa4\x2a"
	"\x37\x85\x69\xf3\xdb\xa5\xf6\x35\xef\xa6\x9b\x13\x46\x05\xbb\xcf"
	"\x34\x65\xa4\x14\x01\xc3\x3a\x93\x72\xa0\xd3\x85\x32\x16\xa3\xa6"
	"\x9e\x23\x32\xb1\xf3\x6e\xd9\x64\x51\x7d\x5c\x16\xd9\xb5\xee\x64"
	"\x27\xd3\x8b\xba\xeb\xcc\x7e\xfa\x8d\x3b\xb9\x4b\xb7\x27\x52\x07"
	"\x7e\x4c\xc9\x1a\x1d\xee\x10\xd0\xc7\x09\xb9\x87\x8e\x7c\xa0\xa8"
	"\xe8\x9e\x7a\x5a\xe2\x60\x29\x52\x5d\x76\x7e\xf0\x6b\xee\xe2\x12"
	"\x94\x33\x92\xe9\xf8\x36\x58\x03\xb4\xbd\xd0\xac\x37\xea\xe5\xdb"
	"\xa7\x97\xb7\xdf\xb3\x64\xfb\xfd\xf3\xfe\x5e\x6d\x65\xfa\xc8\xc0"
	"\x16\x43\x0b\xc1\xc6\x48\x3e\x98\x0f\xd2\x49\x96\x95\x1e\x87\x24"
	"\x22\x21\xc8\xe0\xf8\x46\xdb\x6b\x60\x60\x24\x23\xa7\xcb\x00\x0b"
	"\x07\xd5\x08\x0d\xb2\xbe\x0d\x5d\x71\x95\x11\x5e\x08\x78\xf4\xfe"
	"\xac\x89\x14\x2e\xa6\x2b\xcc\x0c\x6e\x94\x5d\xdf\x20\xe2\x10\x8c"
	"\x8d\xdd\xda\x9e\x12\x9a\x62\x35\x3a\x06\x36\x82\xac\x02\x71\x93"
	"\xda\xcb\x3c\x64\x74\xea\x78\xd4\xe1\x63\xd7\xa2\x23\x84\xf6\x52"
	"\x05\xde\x8d\xfb\x7e\xa8\xd3\xd5\xd4\xc3\x68\x0d\xde\x1e\x91\x75"
	"\x5a\x13\xa1\xc7\xc6\x1d\x11\x24\x80\x0d\xd1\xaf\x1f\xe2\x58\x36"
	"\x43\x51\x77\x40\xd4\x2e\xea\xee\xdb\xdd\xe3\x35\x24\x38\xea\xd3"
	"\x7d\x80\xfd\x7b\x7e\x60\xf5\xd9\x3a\x2e\x2f\xad\x32\xe0\x03\x48"
	"\x96\xc1\x25\x60\x1e\x1a\x77\xbb\xc8\x1f\x1a\xc6\x94\xf1\x0b\xdb"
	"\xf4\x8c\x0b\x64\x86\x6f\x5e\x3f\x5f\xd5\x41\x92\xde\x3e\xdf\x8f"
	"\xc2\x0e\x2c\x6b\xbc\xc2\x69\xaa\x30\xe4\xc6\x00\x7c\xcd\xf1\x7e"
	"\x0c\xc1\xbe\x5a\x6b\xc7\xd3\xea\x24\xc3\x7a\xa7\x0d\x02\x08\x12"
	"\xe1\x9e\x7f\x9b\x8b\x01\x6e\xdd\xb9\xf1\x76\xe5\x95\x65\xa5\x0b"
	"\x11\x7a\xb2\x8a\x17\xbe\xf3\x46\x56\xc4\x1e\x39\xf0\x8f\x21\x5d"
	"\x05\xdc\x1e\xe1\x4d\x76\x51\xb8\x47\x07\xe7\x0e\xdf\x5b\x92\x7d"
	"\x22\xc0\xae\x37\xea\xb6\x4e\x79\x59\xe3\x9d\x8e\xab\x19\x32\x1b"
	"\x0b\x07\x5c\x65\xae\x96\x1e\x82\xdf\x4e\x9d\x03\xd8\xa4\x35\xa5"
	"\xd5\xc4\xa6\xc4\x31\x5c\x6e\x6d\x3b\xa1\xe0\xbb\xe9\x61\xaf\x9c"
	"\xfd\xe3\xfd\xf5\xf1\x19\xdf\x52\xbf\xff\x6b\xf6\xf4\xf9\xb1\xfd"
	"\xb5\x85\x7f\x6c\x3f\xee\xbe\x7e\xfd\xfa\x4f\xe3\x71\x8c\xda\xc6"
	"\x6a\x38\x95\x6b\x7a\x45\x45\x68\xf6\x75\xd1\xad\x42\x4b\x7c\x32"
	"\x13\xcc\x40\x60\x9f\x86\xe5\xae\xcd\x46\xe5\x05\xdb\x63\xb9\xa9"
	"\x48\x9d\x4e\x64\xd9\x06\xb6\x7b\x19\xff\xa6\xbb\xc0\x74\x5f\xcf"
	"\x63\x06\x38\x7c\x81\x42\x48\x5d\xa2\xbc\x28\x01\x21\x27\xea\x82"
	"\x61\xdd\x49\xc5\x06\x49\x5f\xf8\x0b\x85\x75\x88\x77\x94\xfe\xf3"
	"\x63\xd7\x0f\x0e\xb5\x61\x17\x4a\x3e\x5e\xcb\xdd\x44\x9f\x7d\x52"
	"\x42\x80\x5e\x01\xe9\x47\x50\x9a\xc0\x4c\x54\x88\xe1\x81\xca\xaf"
	"\xd5\x39\x15\x3e\x87\xe0\xcf\x25\xe5\x51\x29\xe8\xf8\xf4\xf6\x53"
	"\x32\x66\x22\x90\x76\x33\x99\x49\x42\x68\xc6\x85\xa6\x48\x1f\xb6"
	"\x20\x34\xdb\x62\x90\x8b\x41\xf7\x05\x51\xc3\x96\xc2\x79\xdc\x18"
	"\xb2\xc5\x68\xc2\x20\xd9\xe9\x91\x34\x35\x64\xf0\xa1\x04\x62\x0c"
	"\x73\xf8\xb2\xd1\x58\x64\x80\xba\x1a\x87\x70\x08\x52\x30\xd7\xe9"
	"\xbb\x5d\x0c\x99\x60\x83\x34\x0b\xc0\x09\xe1\x2d\x9e\x5e\x88\x49"
	"\xdd\x07\xb6\x6e\x25\x12\x72\x4b\x18\x1c\x71\x2a\xf7\x02\x19\xf3"
	"\x9d\x5e\xba\xdb\x8c\x8d\x49\xcb\xba\xca\x94\x34\x52\xd3\xfe\x29"
	"\x82\x5b\x33\xef\xc6\x16\xc3\xc9\x95\x7c\xca\xa1\x62\x0f\xa7\x8b"
	"\x0e\x9b\xb6\x2e\x5d\xb8\x8e\x45\x59\xa9\xee\xe2\x23\x71\x62\xd9"
	"\x14\x4a\xee\x0e\x53\x57\x9c\x54\xa9\x9b\xa7\xd7\x33\x97\xfd\xfa"
	"\x34\x32\x50\x22\x40\x2e\x61\x81\x25\xf6\x2f\x4f\x46\x2c\x78\xd9"
	"\x29\x67\x00\x72\x4a\xc9\x5d\x8c\xa3\x98\x77\x1f\xaa\x5c\x74\xff"
	"\x3b\xcc\x3b\x36\x43\x14\x72\xdc\x9b\x86\xa8\x0b\xbd\x5a\xa6\x90"
	"\xef\x81\xdf\xb8\x96\xc3\xf1\xc1\x21\x15\x1b\x86\x1a\xc7\xb8\x79"
	"\xe8\x71\x0d\x7a\xb8\x03\xc3\x96\xd7\x91\x9d\x02\x1b\x58\x45\xb8"
	"\x1c\xf7\x4a\x47\x29\xb6\x8a\xed\xdf\x2b\x8c\xcb\x4b\x98\x90\x3a"
	"\x58\x27\x36\x49\x05\xdf\xca\xc6\x86\x5f\x5e\x5a\x1b\xe3\x68\x50"
	"\x3d\x67\x86\x3c\x64\x31\xb8\x81\xec\x1d\x0f\xfe\x05\xbf\x10\x12"
	"\xc5\x78\x32\xa3\x10\x8b\x12\x13\x02\x0c\xe9\x06\xa1\x52\x03\x0c"
	"\xdd\x3c\xea\xe6\x8a\xe7\x25\xa4\xfc\xbc\x15\x05\x88\xd5\xb0\x0e"
	"\x1d\xab\x20\x82\xf3\x01\xc6\x19\x76\x3f\x69\x85\x2a\x4a\x33\xfe"
	"\x7a\x9f\x4e\x0a\x58\x9c\xa8\xd7\x77\x1f\x78\x4e\x7b\x25\xf6\x04"
	"\x2a\x8d\x61\x49\x61\xb7\x68\x25\x5a\xe5\x68\xab\xea\xf5\x76\x19"
	"\x04\xb3\x1b\x81\xdd\x90\x46\xd5\xd2\x4a\x1b\x71\x5a\x5d\x83\x01"
	"\x6c\x40\xf8\xf5\x6e\xc9\xbb\xf5\xd5\x46\xb0\x51\xa4\x18\xb5\xc5"
	"\xbd\x79\xee\x56\xd0\xff\xc1\xb9\x5f\xf9\x50\x7f\x92\xa1\xe2\x23"
	"\xed\x80\x8e\x0e\xe9\x67\xb9\x6a\xa7\x84\x1a\x35\x8e\xd5\x9c\x48"
	"\xc1\xc3\xda\xd8\xd5\x79\xf7\xf9\x2c\x0d\x4e\xf5\xf6\xfd\xc3\xd0"
	"\xa6\xb3\x75\x52\xe7\xe7\x4f\xba\x7f\x3b\x82\x5f\x30\x0c\x37\x58"
	"\x72\x4f\x7d\x69\x88\x1a\xf5\x02\x89\x14\x5b\x02\x07\x61\x84\x9e"
	"\x4c\x7e\xba\x34\x54\x60\x9f\x84\xd9\xd4\xf3\x40\x3f\x5d\xc9\x6e"
	"\xf8\x62\x28\x64\x7b\x95\x4d\x4a\xe9\xd5\x38\x8e\xe0\xa8\xcd\xb5"
	"\x1c\xd7\x2e\x58\x97\x9f\x6f\x0d\x8c\xb5\x27\x0e\xa7\x64\x90\x3b"
	"\xd8\xd2\x4f\x8f\x58\xed\xf3\x27\x96\xf4\xa6\x61\x89\x9f\xca\xd1"
	"\x06\x59\x8f\x43\x53\x8d\xda\x4a\x44\xea\xa7\x66\xeb\x3c\x50\xb8"
	"\x90\x21\xc6\xaa\xeb\x40\xfd\xab\x40\xe3\x82\xce\xcb\xaa\x9f\xa5"
	"\x97\x4f\xa0\x06\x7e\xdb\x6e\x4e\xf3\xf0\x20\xa3\xfc\x01\x27\xcc"
	"\x9a\x5e\x87\x06\x30\x2f\x03\xfd\x0b\x65\x78\xed\x18\x7d\x19\xa8"
	"\x09\x78\x58\xa4\x51\xa8\x68\xa5\xed\x08\x0e\x6f\xde\xf8\x5d\x8b"
	"\x07\x29\x6f\x1f\x66\x41\x10\x1e\x7a\xc2\x6e\xb2\x92\x11\x85\x76"
	"\x36\x07\xf8\x1d\xb2\xfb\x34\x91\xb4\x70\x40\x35\x6a\x76\x43\x51"
	"\xa5\x30\x5d\xe9\x3b\xab\x63\xcf\x58\x94\x6d\xd1\x78\x9e\xbe\x4a"
	"\x8e\xb0\x8d\x49\x3e\xa7\x62\x42\xea\x73\x1b\xdd\x78\xac\xc2\x0b"
	"\x57\xb5\x8c\xb7\x14\x8f\x1e\xbe\x1a\xc4\x2e\xd4\x8a\xbb\x37\x19"
	"\x5a\x03\x7a\xd9\x86\x25\x5e\xd7\x7f\xc8\x4e\xe9\x4b\xd8\x66\x29"
	"\x07\xc1\x49\x2f\x68\x48\x5b\xd9\x5c\x79\x0d\xc3\x24\x63\xab\xa2"
	"\x33\x16\xda\xf5\xe6\x34\x43\xbc\x78\xef\xf6\x25\x99\x70\xe3\x89"
	"\x61\x59\x71\xb4\xcf\x46\x74\x89\xce\x29\x39\x59\xbb\x8e\x09\xec"
	"\x1d\xc1\x56\x69\xad\x0b\x73\x5d\x52\x8b\x6e\xa9\x02\x9f\xcf\xb5"
	"\x02\xff\xe5\x63\x19\x38\xda\x3a\x37\x4c\x54\x3b\xb6\x98\xd4\x8d"
	"\xc7\x5f\xa4\x67\x51\x19\x54\x6c\x2f\x3e\x5a\x47\x97\x1e\xfc\x12"
	"\x8d\x53\x3d\x7f\xa3\x75\x7e\x74\x15\x6a\xfa\x20\x79\x73\x5a\x65"
	"\xac\x8f\x7e\xe7\xc8\x30\x89\x56\x0d\x0b\xe6\x34\x7a\xc9\xa7\x75"
	"\x40\xd5\x78\x1d\x75\x35\xae\x9a\xb9\x3a\x59\x05\xe5\xb0\x92\xeb"
	"\x2a\x21\x9e\x74\x4f\x2d\x90\x32\xb2\xba\x4f\xf4\xe1\x45\x95\x84"
	"\x5b\x9c\x6e\xa4\x84\xe1\xaa\x87\x7c\xc3\xe8\x22\xa8\xa8\x6d\x38"
	"\x30\x61\xaa\x75\x41\xe0\xe8\x31\xc1\x9d\x5d\xb0\x6a\x5c\xc9\x7d"
	"\x55\x15\x44\xe7\xf6\xee\xf3\x0d\xe1\x36\xac\x2b\x34\xdc\xed\x75"
	"\x2f\xcf\x6b\xe5\x81\x4f\x0c\xc3\x04\x9e\xe9\x20\xf7\xa0\x3e\x04"
	"\x1c\x78\xd2\x7b\xbc\xff\xba\x2c\x3c\xe8\xc6\xd2\x5b\x11\x24\x64"
	"\x2f\x0b\x10\xda\x24\x6d\x4b\x28\x4f\x5e\xe2\xfa\x20\x77\xd4\x23"
	"\x05\x10\xec\xa8\x90\x2f\xc3\xe5\x1e\xe0\xbe\x1f\xb2\x9e\x33\x0c"
	"\x5f\x6f\xe0\xff\x52\x75\x4a\xcb\x72\x1d\x2e\xc9\xe9\xc9\x35\x64"
	"\xd4\xb9\xaa\x39\x0b\xe9\xdd\xd8\xae\x96\x3c\x0f\x37\x66\x6c\xcd"
	"\xeb\xa5\x50\x91\x23\x24\x78\x85\xfe\x8c\x2d\x49\x12\x7e\x7e\xb8"
	"\xf8\x76\x72\x6a\x9c\x5f\x29\xe1\x09\xa8\x87\x89\x94\x3f\x50\xfc"
	"\x50\x66\x3f\x33\xb4\xa5\xc5\x64\xdc\xc9\x59\x39\xe0\x25\x8f\xa8"
	"\x9c\xc7\x12\xec\xb1\x2a\x9a\xa1\xdc\x73\xf4\xa7\xbd\x52\x7e\xc0"
	"\x2c\x40\x48\xa0\x4a\x16\x9c\x20\xcb\x66\x9f\x7f\xf9\x62\x75\x2a"
	"\xc8\xa4\xac\x68\xae\x9c\x9d\xda\xd1\xe4\x9d\x36\x6a\xcf\x13\x3d"
	"\xdb\xb3\x77\xaa\x72\x68\x28\x07\x56\x2a\x91\xb8\xb5\xca\x8f\x39"
	"\xc8\x65\x3c\x8e\x22\x67\xf1\x48\xcb\x36\xa7\x17\xf8\x52\xae\x33"
	"\xd7\x1f\x78\x99\x05\x4b\x60\x3a\x4a\xe9\x13\x85\x5c\x71\x7e\x66"
	"\xb3\xe6\x24\x76\x4f\x33\x49\xc1\xc7\xbe\xc5\xaa\xa9\x26\x7a\x43"
	"\xb2\xc2\xbc\x04\x65\xaa\xf6\xe9\xde\x26\x33\xa9\x54\x94\x3a\x19"
	"\xe1\x6d\x62\x4d\x82\x4e\x51\x5e\x97\x61\x1e\xc8\x0f\x0e\xef\x72"
	"\xa2\x6c\x74\x2e\xa8\x3c\xc0\x1a\x03\xd3\x35\xc9\x89\xf3\x39\x04"
	"\x22\x45\x8c\x56\xfe\x90\xb8\x7b\x05\x13\xfa\xb4\x25\x4d\xc2\xcc"
	"\xd8\xf3\xb9\x27\x10\xc6\xa5\x3b\x84\x88\xda\xd0\x43\x53\xda\xe6"
	"\xc9\x89\xf7\x26\x61\xc4\x3a\x02\x99\xf5\xb0\x9d\x7f\x79\xdf\xfe"
	"\xfd\xf8\xfc\xf9\xeb\xcb\xc8\x0d\xe6\xed\xc7\x56\x82\x36\xed\x4e"
	"\x04\xfd\x76\xf9\xf1\xf9\x11\x31\x33\x1f\xff\x7b\xdb\x21\xcc\x0e"
	"\xbd\xc3\x3a\x21\xde\xb2\x84\x68\x24\x34\xcd\xc1\xc2\x86\xe9\x55"
	"\x78\x14\x58\x83\xf5\x86\x7a\x7c\xb0\x24\x9f\x7c\x30\x95\xc9\x87"
	"\xdf\xaa\x69\x65\x11\x64\x5e\x72\x4a\x3d\xbc\x83\xbb\x39\x46\x54"
	"\x1a\x1e\xc9\xbc\xfd\x7e\xfd\x78\x99\xdd\xbd\xbc\x6d\x67\x2f\x6f"
	"\xb3\x87\xed\xdf\xaf\xfa\xdb\xcf\x2e\xfc\x12\xc9\x56\x46\x58\x50"
	"\x23\x79\x61\xa7\x53\x92\x38\x13\x6d\xd6\x28\x5b\xc7\xac\x4a\xf5"
	"\xad\x72\x4c\xb1\x3f\x4a\x8d\xa8\x7e\x5a\xa2\xcd\xca\x0d\xeb\xe5"
	"\x90\xe6\x64\x1c\x3c\x87\xac\xaa\x7b\x6b\x42\x7c\xb5\x5f\x57\xd5"
	"\xc2\x95\x68\xe7\x80\x02\x87\xa3\x3a\xc2\xd0\x09\xba\xd4\x24\xf5"
	"\x0e\x68\x4b\xe3\xc4\xee\x14\xeb\xe1\x84\x99\xbe\x70\x94\x81\x47"
	"\x94\xbf\x94\xee\xc3\x9d\xe5\x15\xef\xb2\xac\xec\x57\xcb\xf9\xe2"
	"\x34\x6f\x32\x8b\x80\x5a\xa0\x33\xd1\x55\x93\x4a\xfe\xed\xaf\x0b"
	"\xca\x16\x32\x44\xbd\x95\xa3\xfc\x2b\x71\x64\x99\x2b\x8a\x3f\x4f"
	"\xd2\xd4\x29\xc8\x6a\x8e\x4f\x3d\x97\x32\x1d\x55\xb0\x3c\x19\xa0"
	"\x51\x3e\x3f\x1e\x10\xb1\xef\xee\xf6\x63\xfb\x63\x46\x9f\xef\x70"
	"\x8d\xc1\x46\x32\xfb\xcf\xe3\xc7\xc3\x8c\xbc\xbf\xbf\xdc\x3d\x4a"
	"\x52\x72\xfb\x71\x6b\xad\xb5\x38\xce\xed\xfe\x34\xc3\xa2\xf7\x9c"
	"\x29\x81\xff\x16\x07\x55\x99\x5d\xcf\x0f\x0f\x8e\x03\xb5\xa3\x17"
	"\xec\xd2\xca\x95\xc2\xd7\xb0\x6f\x0c\xf0\x07\x91\x84\xd9\x7e\x7a"
	"\xf9\xa1\xc7\xcf\xeb\xcb\x8a\x62\xbb\x97\x6b\xee\x48\x13\x8e\x72"
	"\x22\x47\xed\x33\xbe\xf1\x3c\x87\xe9\x06\x3f\x8a\xfd\x0d\xba\x32"
	"\x2d\xba\xfd\xfa\xa2\xd7\x1b\xee\xb1\x8f\xf5\xe3\x9b\x30\x52\xd4"
	"\x8d\xfd\x08\x3e\xbd\x7d\x7f\xf0\xb5\x1d\x8e\x25\x7b\xbb\x71\x25"
	"\x5e\xa9\x6e\x1a\x17\x7a\x99\x3b\x20\xd1\x93\xc7\xfb\xed\xfb\x87"
	"\x5d\x18\x8f\x0f\x17\x8e\xbe\xc6\x64\x47\xd6\x51\x06\xea\xfe\x22"
	"\x0a\x35\x19\x3e\xad\xe7\x07\x09\x5b\xfa\xbb\x73\xd5\xed\xa8\xd6"
	"\x20\x38\x66\x96\xb5\xa4\x92\xa3\xc0\x76\x91\x1c\xbb\x56\x21\x83"
	"\x99\x47\x33\xfc\x3b\x94\x33\xcf\x93\xb9\x07\x91\x57\xe3\xf0\xbc"
	"\x8f\xd8\x71\x2c\x8e\x4f\x26\x38\x0e\x4d\xe0\xec\xd1\xda\x49\xc9"
	"\xdc\x1a\x0e\x48\x84\x6c\x5d\xc9\xc7\x73\xd7\x30\x01\xe1\x30\x54"
	"\x89\x7a\xc5\xe7\x67\x8b\x10\xc7\xa6\x3a\x76\xc0\x9c\xc4\x8f\xaf"
	"\x0f\x06\xb8\xc5\x70\xd8\xba\xd6\x07\xa4\x8e\x22\x10\x5a\x1c\x45"
	"\x13\x31\x11\xd8\x1e\x79\x7c\xe4\x9c\x85\xe5\x66\xc9\x3c\x96\xe3"
	"\x7e\x1a\x92\x9c\x66\x19\x23\x61\x1e\x51\x1f\x4f\x31\x9c\xf8\xab"
	"\x97\x38\x9b\xbd\xb4\xce\x11\x6b\xe3\x48\xc9\x0d\x49\x42\x1c\x02"
	"\x64\x7f\xb2\x08\x4e\xb5\x7e\x3b\x0e\x66\x43\x69\xb8\x18\xca\xab"
	"\x51\x48\x3d\xfb\x1c\x22\xfe\x0e\x00\x7d\x1b\xc7\xc1\x9a\x98\x5d"
	"\xfa\x2e\x5a\xcf\xe0\x73\x8c\x50\xb1\x86\x90\x3b\x74\xe5\x32\x33"
	"\x42\x9c\xf6\xdb\xf6\x4d\xe9\xe8\xe2\xd3\xa3\x85\xbf\x52\xd9\x8d"
	"\x6b\xce\x40\x6a\x1a\x5c\xfe\x37\xc2\x3c\xa8\xd5\x85\xd5\xed\xf3"
	"\x8f\x97\xa7\x59\xf1\xf9\xf4\x7d\xfb\xd6\x87\x84\x70\xd5\x9f\x14"
	"\x82\xb5\x71\xe5\x92\xff\x12\x1e\xe1\x85\x40\xd1\xb8\x29\xdd\xce"
	"\x6e\xc9\x5e\x92\x46\xc2\x93\x5c\x32\xc1\xb9\x18\x98\xa2\xc0\x61"
	"\x95\xfb\x27\x43\x75\x81\xa2\xef\x83\x69\x9a\xd0\x64\x32\x79\x8b"
	"\x37\x55\xfe\xc0\x28\x3a\xc1\x74\x2f\x66\xee\xf1\x81\x1a\xf3\xa1"
	"\x08\xef\x6f\x99\x54\xde\xcd\xe0\xae\x3d\x65\xe3\xea\x4f\x7a\x29"
	"\xa1\x54\x63\x42\xf2\x61\xd0\xe4\x45\xa5\x08\x4e\x0b\xfc\x2e\x8e"
	"\xab\x29\x16\xd0\x87\x78\x79\xd5\xc6\x45\x71\x7c\xec\x81\x8f\xd4"
	"\x33\x24\x97\xac\xc9\xdb\x1b\x36\x99\xef\x85\xf3\x56\xda\x60\xc0"
	"\xd0\xa4\x02\x71\x5e\xed\xd5\xa3\x18\x7a\x0d\xcc\x99\xbb\x82\x02"
	"\x73\x15\x8d\x28\x0f\xea\xe7\x74\x25\x11\xe8\xd0\x59\x53\x22\xae"
	"\xf3\x9c\xa2\xcd\x50\x1a\x1c\xeb\xeb\x4a\xab\xa5\x46\xac\x9a\x28"
	"\xeb\x78\x44\x13\x99\x6c\x57\xc7\x07\x67\x6d\x4c\xd1\x10\x86\x56"
	"\x74\x0c\xb6\xcd\x85\xae\x65\x54\xeb\x58\x7c\x1b\x5e\x66\x0c\xd4"
	"\x9d\x49\x55\xd2\xd5\x95\x1a\xf5\xa0\xdf\xb1\x15\x9a\xe4\x2a\xaa"
	"\xde\xbf\x20\x92\x87\x2c\xcc\xf5\xba\x25\xc6\x18\x17\x7f\x49\x79"
	"\xfb\x7d\xf6\x17\x02\x20\x3e\xde\x3f\x2b\x20\x63\xf9\x92\xc2\xb8"
	"\xd9\xee\x5e\x6f\x08\x65\x71\x3d\xff\x72\x07\x1f\xbf\xff\x1b\xbf"
	"\x00\xb6\xf6\xe7\xf6\xf7\xd7\xd7\xed\xd3\x17\xed\xa5\x7f\x4d\xf3"
	"\x01\x68\xaa\x33\x00\x1b\x48\x00\x23\xba\x40\x83\x9e\xfe\x36\x18"
	"\xe9\xea\xe9\x8b\xd6\x65\x3e\xc3\x4e\x59\x24\x18\xc9\x7b\x54\x9e"
	"\x9b\x5b\x65\x0d\x12\x60\xbc\x96\x17\xf3\x0e\x66\xe3\xb6\xc8\x33"
	"\xef\x94\x2c\xa3\x78\xdc\xa2\x0b\x48\x1e\x8a\x1c\x96\x92\xfa\x62"
	"\xa8\xb3\x08\x3f\x55\x4a\x9f\x3a\xd9\x21\xc1\x1e\xee\xbe\x0f\x48"
	"\x27\x20\xdf\xf4\xcd\xf0\x50\x5c\xe5\xeb\x44\xa7\xfa\x65\x30\x44"
	"\xd9\x3a\xc0\x50\x50\x74\x63\xcd\xd6\x01\x75\x4d\xf2\x04\x85\xb0"
	"\x21\xb7\xc8\x25\x8a\x75\xc1\xde\x95\xaf\xc0\x00\x17\xf7\xf8\xfd"
	"\xed\xf6\xed\xf7\xec\xed\xe5\xf3\xe3\xf1\x59\x57\x62\x22\xd8\x08"
	"\x29\x2c\x1f\x41\x5d\x7e\xf1\x2e\xaa\xba\x7e\xd0\x5f\x62\xf4\xfe"
	"\x57\xa2\xe6\x45\x5c\x5d\xb7\x4b\x0c\xa7\xde\x18\x4b\x5e\x67\xc9"
	"\x68\xe1\xa1\x16\x14\x51\x46\x98\xfe\x0c\x7c\xc0\xa2\x8d\x19\xa2"
	"\x53\x93\xca\x26\xb1\x72\xf4\xa2\x05\xe1\x67\xe2\xbc\xba\x8a\x53"
	"\xe5\x33\xcb\xe9\x52\x1f\x93\x18\x46\x11\x4e\x54\x23\x69\x7e\x62"
	"\x0e\x49\xdc\x06\x94\x22\x28\xb2\x6e\x5a\x33\x83\xb1\xfa\x85\x53"
	"\x32\xe0\x80\xdb\x31\xc0\x1e\x4a\xa3\xeb\x53\xc7\xa7\x8a\x72\xe4"
	"\x99\x08\x92\x85\xf0\x8d\x6f\xab\x50\x1c\x11\xf3\x89\x8a\xb1\x37"
	"\xe3\x6f\xae\x7b\x16\x16\xd9\x7a\x67\x7c\xaa\xf5\x3a\x5a\x83\xed"
	"\x07\x12\x2a\x59\x0e\x89\xba\x37\xf3\xb1\x58\xd4\x9d\xbb\x8f\xbc"
	"\x50\x0f\xf7\xa5\x84\x82\x00\xc9\xc2\x14\x48\x65\xaa\x25\xa6\xea"
	"\xb0\x10\x66\x6a\x42\x5d\xe9\x47\xad\x3b\xd5\xe0\xde\x01\xa2\xdd"
	"\x20\xc1\x8d\x95\x26\x49\x6d\x14\xff\xe9\x34\x4c\xf7\xb9\xb5\xab"
	"\x1b\x1d\x6f\x5d\x23\x44\x40\x58\x38\x29\xd9\x4d\x4e\x3c\x84\x23"
	"\x7b\xb5\x38\xae\xbf\x38\xc5\x47\x07\x65\x56\x1a\xf1\xc3\xf5\x54"
	"\xbc\xa0\x3c\xf5\x90\xa0\x40\x8d\x84\x7e\x0f\x82\xe2\x98\xbb\xd2"
	"\xda\x75\x5e\x39\xd3\xa3\xdc\x99\xbc\x14\x3a\x7c\xbc\x10\x65\xcc"
	"\x60\xf7\x91\xbb\x13\x27\xd7\xfa\x8e\x25\x70\x77\xa0\xf9\x38\x09"
	"\x3d\x3b\x5b\x63\xd7\x90\x3e\x23\xb9\x61\x3e\x15\xab\x2c\xf0\x18"
	"\x00\x5d\xe4\x8a\xb2\xac\xc6\x58\x68\x06\x03\x3e\x65\xf2\x80\xa5"
	"\xe1\x95\x3f\x37\xaa\x90\x5c\xe8\x9b\x67\x56\x1a\xf6\x2f\xfc\x1d"
	"\x9a\xed\x45\x66\x22\xd7\xc5\xd9\x0d\x3e\xff\x1d\x5d\xf4\x27\x1e"
	"\xdb\x49\xe2\x71\x5f\x41\xb7\xd5\x6a\x04\x3f\x3f\xc4\xe0\x60\xb0"
	"\x94\xb4\xe9\xcf\xa2\x65\xa2\x6d\x7e\x08\xa9\xcc\xe9\x0a\x44\x0c"
	"\x6e\x5e\x26\xaf\xec\xb7\xa3\x3b\x52\x55\x96\xd9\x68\xdb\x96\x0f"
	"\x9d\x56\xad\x34\x3b\x1a\x57\xa3\xf1\x3a\xa1\x55\x59\x8f\xd2\x94"
	"\x46\x01\x4d\x45\x67\x49\xf9\x5c\x78\xbe\x18\x18\x94\x2b\x9c\x89"
	"\xa6\x2c\xbd\xf0\x5c\x3d\xdb\xc1\x5c\xde\x3d\xcc\x5e\x6f\xef\x7e"
	"\xde\xde\x6f\x87\x1b\x1f\xfe\x54\x6c\x3f\x66\xdb\x5f\x1f\xdb\xe7"
	"\x77\xd3\x37\x80\xe7\x78\x58\xa1\xd3\xfe\xf9\x93\x99\x26\x52\x01"
	"\x49\xff\x03\x75\x43\xf8\x7d\x72\xbe\x02\x00"
MAGIC_END;
